{"type":"Feature","properties":{"source":"Natural Earth admin-1 lines 5.1.0","scope":"China internal boundaries; not officially reviewed"},"geometry":{"type":"MultiLineString","coordinates":[[[123.9452824242444,46.2934536812424],[123.95659956301938,46.29076650696868],[123.95856326688124,46.19268463788569],[123.97633995982119,46.161368719890504]],[[123.90740359929657,46.266736966337874],[123.9452824242444,46.2934536812424]],[[123.86601077687578,46.291128242174636],[123.90740359929657,46.266736966337874]],[[123.356119418876,46.23516266502497],[123.76172773694543,46.25991567606758],[123.86601077687578,46.291128242174636]],[[123.24982099824047,46.2661426871353],[123.356119418876,46.23516266502497]],[[123.16166100485145,46.22007314725789],[123.20186526886698,46.25536814982024],[123.24982099824047,46.2661426871353]],[[123.98450483632905,46.16297068944573],[124.00176476533159,46.07713613512453],[124.03892011896824,46.03445140241024],[124.02253869000845,46.01429759445841]],[[123.97633995982119,46.161368719890504],[123.98450483632905,46.16297068944573]],[[124.02253869000845,46.01429759445841],[124.01163496328286,46.01662303352617]],[[124.01163496328286,46.01662303352617],[123.99308312398693,46.005460924382135],[124.00129967733824,45.989441229728925],[123.97944054614425,45.978124090954],[123.9751514023153,45.93983185485621],[124.06196780766811,45.87167064068751],[124.04150394135377,45.83043284789761],[124.05979739823124,45.809090481540466],[124.01354699120066,45.768653673528206],[124.07504194472995,45.74475332320725],[124.05514651919646,45.73173086208959],[124.10310224767056,45.70969086374237],[124.12620161321388,45.66904735015504],[124.16501061414851,45.66284617840836],[124.14103275036109,45.63220205308227],[124.17803307526617,45.62186676713759]],[[124.21487837143968,45.63788646089142],[124.23358524036655,45.602048855070564],[124.2618522479828,45.59008576114894],[124.26634809828602,45.5615862095359],[124.28417646717014,45.54551483803931]],[[124.17803307526617,45.62186676713759],[124.21487837143968,45.63788646089142]],[[124.3322872252752,45.54727183722548],[124.36308637933291,45.52564525002822],[124.34934044780334,45.504561266089524],[124.36179446814015,45.47288361288838],[124.39559085483404,45.45148956968785]],[[124.28417646717014,45.54551483803931],[124.3322872252752,45.54727183722548]],[[124.91561079320354,45.53282827370583],[124.95121585502761,45.49494944875801],[124.97999962838014,45.49350250883367]],[[124.8493099310084,45.443117988504355],[124.88057417216032,45.45606293435691],[124.87886884981754,45.488438219548186],[124.89788577710692,45.527298896426885],[124.91561079320354,45.53282827370583]],[[125.69933556538399,45.51200267218553],[125.71364993679515,45.41443756793939],[125.70574344270563,45.35438955343511],[125.74636111877055,45.30235138580781],[125.84072228390619,45.23481028926341],[125.91038211484272,45.206646633535286],[126.15047081917294,45.14117259453957]],[[125.65840783095655,45.504561266089524],[125.69933556538399,45.51200267218553]],[[125.61892703735282,45.50817861635005],[125.65840783095655,45.504561266089524]],[[125.52120690257641,45.47102326091476],[125.61892703735282,45.50817861635005]],[[125.02774865127924,45.49836009434284],[125.0443884617581,45.488593248279756],[125.04754072492449,45.445030016422095],[125.07999352358217,45.41665965421964],[125.08293908117366,45.386067205736936]],[[124.97999962838014,45.49350250883367],[125.02774865127924,45.49836009434284]],[[125.45139204290842,45.48487254523178],[125.52120690257641,45.47102326091476]],[[125.37480756981347,45.39846955012962],[125.39770022978178,45.40895986570524],[125.43247846930592,45.47725027108311],[125.45139204290842,45.48487254523178]],[[124.76771284367271,45.47102326091476],[124.78579959497529,45.45014598255102]],[[124.6313904162347,45.44652863229055],[124.72270267099145,45.45055939370104],[124.76771284367271,45.47102326091476]],[[124.4557938989692,45.4635818548187],[124.47744632368881,45.45614044872269],[124.50292280514327,45.423248398694625],[124.54953494737993,45.41448924388345]],[[124.39559085483404,45.45148956968785],[124.4557938989692,45.4635818548187]],[[124.58953250492107,45.45738068307202],[124.6313904162347,45.44652863229055]],[[124.54953494737993,45.41448924388345],[124.5724792832923,45.419191798862414],[124.58953250492107,45.45738068307202]],[[124.79675499944358,45.45123118816878],[124.8493099310084,45.443117988504355]],[[124.78579959497529,45.45014598255102],[124.79675499944358,45.45123118816878]],[[125.30742150289996,45.41696971348148],[125.37480756981347,45.39846955012962]],[[125.28566572539285,45.40038157804736],[125.30742150289996,45.41696971348148]],[[125.23290408735375,45.413817451214356],[125.28566572539285,45.40038157804736]],[[125.08293908117366,45.386067205736936],[125.23290408735375,45.413817451214356]],[[126.55933475139761,45.246747544763366],[126.62165652902559,45.23243317335226],[126.66997399270554,45.1968539499498],[126.75343143111559,45.17347036446574],[126.79534101837328,45.145720119887585],[126.83601037038227,45.142877915983036]],[[126.3158354032812,45.18282379847949],[126.40740604135567,45.225508531193725],[126.55933475139761,45.246747544763366]],[[126.29614668242345,45.18669953115841],[126.3158354032812,45.18282379847949]],[[126.21563479980614,45.15047435170993],[126.29614668242345,45.18669953115841]],[[126.18891808490162,45.15264476204612],[126.21563479980614,45.15047435170993]],[[126.15047081917294,45.14117259453957],[126.18891808490162,45.15264476204612]],[[126.871357049788,45.14874319094548],[126.95874189682104,45.12913198535284],[126.98917931477354,45.05541555458416],[127.03506798659828,45.007382310844946],[127.07661583865001,44.9340017768605],[127.0665906110678,44.895580349553484],[127.00468224458984,44.86930288332138],[126.97827558804795,44.8261013857703],[126.99010949076035,44.78873932655864],[127.03227746043638,44.73055166312872],[127.03646325057855,44.618827216203044],[127.05790896972314,44.58616771107097]],[[126.83601037038227,45.142877915983036],[126.871357049788,45.14874319094548]],[[127.17242394370999,44.65825633386271],[127.20435997932952,44.64983307583577],[127.22735599208534,44.61991242092148],[127.25495120703249,44.6109723980577]],[[127.05790896972314,44.58616771107097],[127.08901818214338,44.589733385387376],[127.13919599779706,44.65040151571736],[127.17242394370999,44.65825633386271]],[[127.37520226477261,44.64882538548312],[127.5592737160091,44.57379120510001],[127.5828381686465,44.53836701132849],[127.53410729381653,44.53053803250418],[127.50976769392389,44.51345897155426],[127.5182943056376,44.46767365251702],[127.49622846886871,44.40369822938976],[127.61606611455954,44.27740102773521],[127.60981326686874,44.220091865247355],[127.67347863163354,44.17389313416078],[127.71471642532276,44.161490789768095],[127.74437869691928,44.08562978798432],[127.84959191283644,44.055915839544355]],[[127.25495120703249,44.6109723980577],[127.37520226477261,44.64882538548312]],[[128.35870812358098,44.501676743886605],[128.4187561380852,44.45010366515203],[128.43875491820484,44.40080434774245],[128.45058882091735,44.344218654767076],[128.43673953660027,44.219316717992115],[128.44593794188245,44.15394603088458],[128.52221235571562,44.08976390218231],[128.54489830920954,44.02883738943393],[128.63150800988672,43.91217784353262],[128.69403649308958,43.86895050755987],[128.74741824785383,43.80218455737139],[128.76447147038198,43.70906362568576],[128.81816328260936,43.658704941979465],[128.8661190128821,43.5715526389431],[128.9022408386437,43.552535712553095]],[[128.11799930162647,44.338792630275634],[128.15525800984926,44.35300364799991],[128.2069344422706,44.44049184782051],[128.35870812358098,44.501676743886605]],[[128.05350711456163,44.3640107293117],[128.11799930162647,44.338792630275634]],[[127.84959191283644,44.055915839544355],[128.0047245628882,44.095965073928994],[128.0520601746373,44.12578237605578],[128.04864952995183,44.24375967157158],[128.05908816868396,44.28907990171609],[128.042965123042,44.340704658193374],[128.05350711456163,44.3640107293117]],[[130.3287687515766,44.0483194038174],[130.34659712136,44.018553779433375],[130.33279951388636,43.92780996455821],[130.3619966983889,43.86662506849211],[130.37362389462703,43.7924177113083],[130.41501671794708,43.74521128986913],[130.40044396411758,43.67495717973003],[130.61939700676635,43.61604604768695],[130.79783572793644,43.511452949394084],[130.83721316875267,43.44923452455362],[130.85850386006507,43.437038885735944]],[[130.09415775037985,43.843525702049476],[130.16800337055906,43.91000743319648],[130.27269982343807,43.95447500351855],[130.3287687515766,44.0483194038174]],[[129.9129285021486,44.021602688013616],[130.00010664270735,43.98356883433422],[130.03317955898945,43.85561798807964],[130.09415775037985,43.843525702049476]],[[128.9921061543755,43.536671048430094],[129.23338341711099,43.61211863906391],[129.21664025294524,43.67035797843795],[129.21571007695843,43.738260810188194],[129.222066278336,43.761851101247316],[129.24924808213325,43.78616486271824],[129.36221276340825,43.810762844129954],[129.4785880875702,43.860475571790175],[129.77200687072047,43.87907908792954],[129.79283247314004,43.90052480707419],[129.80554487499592,43.9693578148113],[129.9129285021486,44.021602688013616]],[[128.9432202499146,43.556514798019464],[128.9921061543755,43.536671048430094]],[[128.9022408386437,43.552535712553095],[128.9432202499146,43.556514798019464]],[[131.00299116401095,43.50902415574018],[131.04133507695224,43.500316676873126],[131.12370730974453,43.43269806596294]],[[130.85850386006507,43.437038885735944],[130.9165881689088,43.45047475800368],[131.00299116401095,43.50902415574018]],[[131.12370730974453,43.43269806596294],[131.24499284636292,43.46807143829285]],[[111.99655439706771,24.735673935703574],[111.9348010602207,24.702316799480684],[111.94317264230358,24.656298936446717],[111.92301883255305,24.633096218115952],[111.93325076660955,24.601366888970745],[112.00554609587562,24.553075262813138],[111.98833784371647,24.471607366686612],[112.05210656126872,24.35900442151683],[112.03660363235167,24.332856147393272],[111.96198286311858,24.273118191251513]],[[111.96198286311858,24.273118191251513],[111.94968387331204,24.277148953561323]],[[111.94968387331204,24.277148953561323],[111.87955895438222,24.24012278933526],[111.86281579021647,24.21446543982819],[111.89914432155314,23.990861518144527],[111.86808678597635,23.949572048511186],[111.81656538318583,23.923346259122525],[111.78959028496365,23.840534775859226],[111.76318362842164,23.831181341845422]],[[111.76318362842164,23.831181341845422],[111.69708947090231,23.8469943300243]],[[111.69708947090231,23.8469943300243],[111.65750532361176,23.841697495842766],[111.63032352071389,23.806350816437032],[111.61125491658112,23.74079926217621],[111.62970340398886,23.693696194423808],[111.61016971186268,23.66312958436282],[111.53430871007885,23.646179713722802],[111.47100507962068,23.613235989549253],[111.46418379114903,23.544919744850347],[111.38532555493038,23.418415839419424],[111.36532677571006,23.34149547043961],[111.36284630701141,23.27302419700908],[111.38589399571129,23.193494168121333],[111.36966759638244,23.132981064724333],[111.41281741709008,23.05970388442671],[111.38362023258765,22.987201850485008],[111.36083092720548,22.97376597731801],[111.35121910987397,22.90821442305719],[111.26926028913101,22.810365098870193],[111.1923140808301,22.751789862711973],[111.05201256702628,22.7349691841805],[111.07914269398009,22.714376125757553],[111.07981448844782,22.69233612741033],[111.03092858308759,22.642132473334982],[111.01258344936667,22.637584947087646]],[[111.01258344936667,22.637584947087646],[110.9556360211854,22.654276435309214]],[[110.9556360211854,22.654276435309214],[110.93129642129276,22.617069403929804],[110.85559044824055,22.591825466472073]],[[110.85559044824055,22.591825466472073],[110.83481652176505,22.593169054508223]],[[110.83481652176505,22.593169054508223],[110.78572391172912,22.565237941877513]],[[110.78572391172912,22.565237941877513],[110.7595239598628,22.58076671011554]],[[110.7595239598628,22.58076671011554],[110.74634647001352,22.56942373291895],[110.72681277878667,22.48462270827133],[110.70738244034732,22.473667303802983]],[[110.70738244034732,22.473667303802983],[110.68226769409875,22.483589179497017]],[[110.68226769409875,22.483589179497017],[110.67616987513958,22.47185862957207],[110.7039717956618,22.427985338452572],[110.69699547665988,22.368712470304217],[110.75027387863656,22.328146471082732],[110.7728564802423,22.29458262838557],[110.772236362618,22.27802033137317],[110.74665652927536,22.266186427761397]],[[110.74665652927536,22.266186427761397],[110.69203454016184,22.280397447284372]],[[110.69203454016184,22.280397447284372],[110.6457841331312,22.22771332451032],[110.64237348844568,22.183452459763203],[110.59891360937553,22.1598880071258]],[[110.48904951442353,22.144953518090347],[110.4003210802536,22.203037827833498]],[[110.4003210802536,22.203037827833498],[110.36600792872287,22.188878486053284]],[[110.36600792872287,22.188878486053284],[110.3394462416507,22.191229763542708]],[[110.3394462416507,22.191229763542708],[110.33045454284286,22.17707042086323],[110.35546593630386,22.120252183891182],[110.34399376789804,21.99219798394978],[110.3802706241899,21.95150279441839],[110.37499962843009,21.8962865261023],[110.3558793483532,21.888974311215463]],[[110.59891360937553,22.1598880071258],[110.54568688424229,22.180377711861922]],[[110.54568688424229,22.180377711861922],[110.48904951442353,22.144953518090347]],[[110.21614627533029,21.874530747695815],[110.12333540200717,21.899025377219346]],[[110.12333540200717,21.899025377219346],[110.03548546788,21.871895250265595]],[[110.3558793483532,21.888974311215463],[110.29913862484761,21.896958320570036]],[[110.29913862484761,21.896958320570036],[110.21614627533029,21.874530747695815]],[[110.03548546788,21.871895250265595],[110.01858727408342,21.8727479109873]],[[110.01858727408342,21.8727479109873],[109.97481733575142,21.869337267201104],[109.95683393813567,21.855720526880816],[109.91053185426165,21.67692007140414],[109.8865539895749,21.65666290886611],[109.80211469923393,21.63374441227478]],[[109.80211469923393,21.63374441227478],[109.76113528886242,21.660047716029283]],[[109.76113528886242,21.660047716029283],[109.74594241740857,21.648678901310234],[109.74466183084738,21.578601469737034]],[[115.88753136617959,24.916773992725552],[115.95331546443708,24.91253652574005],[116.0002893409802,24.892641100206617]],[[116.02282026574267,24.896930243136183],[116.11470096217965,24.84605479639174]],[[116.0002893409802,24.892641100206617],[116.02282026574267,24.896930243136183]],[[116.19366255118575,24.851325792151556],[116.2563460631203,24.83982778622334],[116.25774132710058,24.817219347095147],[116.27469119684122,24.807374985766955]],[[116.11470096217965,24.84605479639174],[116.19366255118575,24.851325792151556]],[[116.37210127235574,24.841300564569394],[116.4265682309391,24.74755951615873],[116.47343875469471,24.694203599816262],[116.5035144392399,24.624698798510735],[116.5235648953036,24.614492702875907]],[[116.27469119684122,24.807374985766955],[116.37210127235574,24.841300564569394]],[[116.7453084659129,24.670923367119656],[116.76778771383192,24.666892604809846],[116.7749190606661,24.652268175036227],[116.74933922732339,24.53343821879872],[116.82395999565722,24.480883287233894],[116.83641401599402,24.43455536493815],[116.88571333160496,24.39003611957122],[116.96333133257485,24.206920680944677],[116.96596683180383,24.17865367332837],[116.93723473529474,24.137415880538413],[116.92483239090211,24.07760040913155],[117.03650516188372,23.73826711753344],[117.06740766782957,23.69664175111592],[117.14161502501338,23.65710927976943],[117.17188995468523,23.620641297000265]],[[116.5235648953036,24.614492702875907],[116.60376671775975,24.655833849352632],[116.7453084659129,24.670923367119656]],[[118.94827477366186,27.471682643838903],[118.88507449778979,27.501241563547296],[118.88543623299574,27.520361842724867],[118.91225630068766,27.52966360079455],[118.92269494031916,27.549998276799045],[118.88078535396085,27.679344387033836],[118.88946699440623,27.72215831095724],[118.8410461770394,27.815692653792894],[118.81980716436908,27.909950466141083],[118.7481319518281,27.973202419755864],[118.75324791885635,28.10089488449131],[118.78595909993248,28.136267402318765],[118.76456505673195,28.183447984436896],[118.80239220573571,28.22269623494327],[118.7530928892254,28.283648587012635],[118.73521284439721,28.32597158542029]],[[118.73521284439721,28.32597158542029],[118.68973758282311,28.295611680934314],[118.62927615806814,28.283932806953487]],[[118.62927615806814,28.283932806953487],[118.5924825378388,28.29920319277312]],[[118.5924825378388,28.29920319277312],[118.53538008002658,28.284785468574512],[118.51600141843062,28.262280382233826]],[[118.51600141843062,28.262280382233826],[118.44644494028171,28.288687038775777]],[[119.80636193175769,27.313087673157554],[119.76357384715527,27.3201931833687],[119.75582238179743,27.351664130095514],[119.68812625472287,27.420884711460246],[119.68657596201103,27.511292630450498],[119.6538647809349,27.550747586531884],[119.64792199070723,27.58612010345996],[119.61164513621407,27.604878648330953],[119.6231173037205,27.658699653566146],[119.5577982925571,27.67572703677331]],[[119.5577982925571,27.67572703677331],[119.51170291605672,27.636711331162985],[119.46731286010038,27.525296943499143],[119.4123808126244,27.50155162190981]],[[119.4123808126244,27.50155162190981],[119.39036665269884,27.512610379165665]],[[119.39036665269884,27.512610379165665],[119.34737186072277,27.49168142305922],[119.33062869655703,27.466127428138293],[119.28298302644544,27.450340278381134],[119.2656197446554,27.424114488093153],[119.21580366420767,27.416853949150436]],[[119.08681928917883,27.45953868276399],[118.9956103863102,27.48033844676189]],[[118.9956103863102,27.48033844676189],[118.94827477366186,27.471682643838903]],[[119.21580366420767,27.416853949150436],[119.1332247249411,27.43401052536541],[119.10175377821429,27.465998236929067]],[[119.10175377821429,27.465998236929067],[119.08681928917883,27.45953868276399]],[[120.30648644369433,27.376701361978235],[120.25791059759592,27.406957912777443],[120.21202192577118,27.41365001093925]],[[120.21202192577118,27.41365001093925],[120.14773644428146,27.400214137772195],[120.06443403460298,27.343628444796877],[120.03818240769192,27.339546007442266]],[[120.41587510466019,27.21917644796534],[120.39945234574907,27.311330674870703],[120.33738895143892,27.380654609022997]],[[120.33738895143892,27.380654609022997],[120.30648644369433,27.376701361978235]],[[120.03818240769192,27.339546007442266],[119.9839221537843,27.359984036234266]],[[119.9839221537843,27.359984036234266],[119.93069542865112,27.3247923855601]],[[119.86672000462443,27.317971096189126],[119.84088178886338,27.325464179128574]],[[119.84088178886338,27.325464179128574],[119.80636193175769,27.313087673157554]],[[119.93069542865112,27.3247923855601],[119.8963822780197,27.324921575870007]],[[119.8963822780197,27.324921575870007],[119.86672000462443,27.317971096189126]],[[80.27420128755932,35.527599189251134],[80.36504246980434,35.474872203016346]],[[104.53985192302781,24.74177175556207],[104.49463504387211,24.69820852280509],[104.4830595235781,24.665781562569066],[104.50186974529248,24.578190009061643],[104.59917646712023,24.40251597743037],[104.66702762202709,24.33975495023077],[104.70609500538018,24.32820526835843]],[[104.75265547077333,24.46832591410964],[104.8715112654325,24.4509367947972],[104.96106652190241,24.41641693769151]],[[104.70609500538018,24.32820526835843],[104.72521528455769,24.338282171884714],[104.73017622285437,24.358849391885883],[104.69601810095457,24.40334279973041],[104.69472618976181,24.43933543518216],[104.71508670508734,24.45884328888667],[104.75265547077333,24.46832591410964]],[[105.06080203738406,24.430679633158547],[105.10953291221409,24.413626409731023],[105.12632775322317,24.360089627134585],[105.1755237160466,24.315622056812458],[105.1755237160466,24.145942491352855],[105.19087161713139,24.125581976926696],[105.28290734319927,24.074060574136183]],[[104.96106652190241,24.41641693769151],[105.06080203738406,24.430679633158547]],[[105.60159590043042,24.141524156314745],[105.62531538269872,24.127829902527935],[105.65218712813339,24.069978135882252],[105.787992791634,24.020652980950274]],[[105.44718672079051,24.037602850690973],[105.49777794759416,24.052537339726427],[105.52728519135843,24.12390249300563],[105.60159590043042,24.141524156314745]],[[105.29670494977358,24.129354355918792],[105.44718672079051,24.037602850690973]],[[105.28290734319927,24.074060574136183],[105.29639489141107,24.088685003909802],[105.28631798698547,24.124341742577315],[105.29670494977358,24.129354355918792]],[[106.0142322116472,24.113618883005017],[106.00637739530049,24.072691148577633],[106.01516238763406,24.059436143463245],[106.15742760619901,23.973730781250538],[106.14518029233659,23.934715073841573],[106.19995731018167,23.84792450601111],[106.19220584482383,23.834902044893454],[106.14456017471224,23.823972479746146],[106.13308800720574,23.80748769799885],[106.15370690315103,23.734081326492003],[106.13758385571032,23.68659068421266],[106.1240963065992,23.530579535017523],[106.05609012296077,23.483011379271716],[105.98301964733884,23.46903290554411]],[[105.87222537639997,24.024709580782485],[105.89971723766035,24.077703761919054],[105.96534630718628,24.085894476848637],[106.0142322116472,24.113618883005017]],[[105.83310631710282,24.027241726324576],[105.87222537639997,24.024709580782485]],[[105.787992791634,24.020652980950274],[105.83310631710282,24.027241726324576]],[[105.98301964733884,23.46903290554411],[105.86028812090001,23.521536160265555]],[[105.86028812090001,23.521536160265555],[105.8393074888495,23.513629666176143],[105.74577314691317,23.413842474750368],[105.71078820181401,23.39846873614323]],[[105.71078820181401,23.39846873614323],[105.69766238790885,23.398933824136634]],[[105.69766238790885,23.398933824136634],[105.70169315021866,23.359298000902015],[105.68215945809249,23.343665879876426]],[[105.68215945809249,23.343665879876426],[105.64009484300254,23.35681753220331]],[[105.64009484300254,23.35681753220331],[105.62893273295924,23.347283230136952],[105.62180138612501,23.288785509243837],[105.53240115838673,23.206103217189707],[105.52305900974902,23.16867377916702]],[[99.10881391802786,29.223772081116635],[98.98024295504831,29.193153795111527],[98.97218143132795,29.159021510734135],[99.0077348163087,29.043731391290635],[98.93244225530577,28.986344713537676],[98.9084127137757,28.936425279403124],[98.90887780176911,28.912369900350598],[98.94706668507939,28.868548285175223],[98.94996056492806,28.848471990689802],[98.87347944462061,28.811807563468278]],[[98.87347944462061,28.811807563468278],[98.8412333524372,28.836715603242453],[98.78500939286914,29.000349025686944],[98.77276207900672,29.003449612009945]],[[98.77276207900672,29.003449612009945],[98.65127078691722,28.97006663736539],[98.63530276910745,28.941386216800424],[98.63871341289365,28.87865102802249],[98.65452640197185,28.85516408885161],[98.67752241382829,28.742354438106815],[98.60734581895434,28.694863795827473],[98.58450483582948,28.649155992055398],[98.59401330037349,28.583165188222836],[98.6428992048344,28.473146064539208],[98.62956668535418,28.397362576221894],[98.5572196801441,28.299874986341536],[98.48988528827539,28.248069362710908],[98.44756228986773,28.23171377217284]],[[98.44756228986773,28.23171377217284],[98.40999352418174,28.250601508253],[98.33676801982818,28.3354283722216],[98.29976769402384,28.354807033817565]],[[98.29976769402384,28.354807033817565],[98.2476778495531,28.220034898191955],[98.11956684603742,28.14658458636436]],[[123.74870527582777,43.47228221325349],[123.79526574122099,43.4609133985345],[124.00641564256784,43.31012156825574],[124.03979861901098,43.30187917738209]],[[123.69625369705045,43.35347809543771],[123.68695193898077,43.36830923078634],[123.70012942883,43.40825511328285],[123.74870527582777,43.47228221325349]],[[124.07855594310229,43.3039720733525],[124.17617272329255,43.254595242476455]],[[124.03979861901098,43.30187917738209],[124.07855594310229,43.3039720733525]],[[124.20490481980153,43.257669990377735],[124.28185102810244,43.22599233717659],[124.3034517759786,43.14883942330073],[124.41817345643983,43.08925649678986],[124.36970096222956,43.012336126910725],[124.38132816026632,42.97732534428917],[124.43688032356806,42.94916168946037],[124.38024295464857,42.90464244229486],[124.38566898003933,42.88477285428377],[124.42153242428185,42.87957937288974]],[[124.17617272329255,43.254595242476455],[124.20490481980153,43.257669990377735]],[[124.8718408548715,43.11783356456732],[124.88842899030556,43.08672435214709],[124.8698254741663,43.01628937395543],[124.86176395134521,42.854697171537225],[124.87985070174841,42.81240001155129],[124.94212080343232,42.80369253178492],[124.9679073432493,42.78092906302584],[124.98248009707879,42.7246792668347],[124.94987226789078,42.661763210903416],[124.96666710800059,42.652332262523885]],[[124.48049523316843,42.85126068842999],[124.63118370976031,42.95709402107218],[124.67319664890613,42.99897776990815],[124.69123172426464,43.05060252548611],[124.76569746296752,43.10558624890626],[124.8718408548715,43.11783356456732]],[[124.43889570517263,42.88063874008577],[124.48049523316843,42.85126068842999]],[[124.42153242428185,42.87957937288974],[124.43889570517263,42.88063874008577]],[[124.99844811398918,42.65822337500873],[125.04051272997845,42.613574938432635],[125.09265425039325,42.58210398990718],[125.10195600756367,42.493866482152384],[125.20871951709194,42.405835679972654],[125.20251834534531,42.37725861309451],[125.17378624883622,42.35467601238804],[125.17936730385793,42.33328196918751],[125.2852006373995,42.29876211208176],[125.28396040305006,42.23445079217032],[125.318583612044,42.169364325902905],[125.33238122041689,42.16466177002462]],[[124.96666710800059,42.652332262523885],[124.99844811398918,42.65822337500873]],[[125.37878665617916,42.17990631832191],[125.47309614537073,42.158357245490436],[125.48053755056742,42.14561900521289],[125.41666548112698,42.05523692554368],[125.37336062988913,42.02420522748923],[125.35672081941027,41.98601634417889],[125.29186689713958,41.95320180941593],[125.30380415263949,41.915348822889825],[125.28628584211788,41.825922756729824],[125.32819542937557,41.74737457887369],[125.30628462133814,41.68037608468853],[125.37320560115757,41.66567414054913]],[[125.33238122041689,42.16466177002462],[125.37878665617916,42.17990631832191]],[[125.44193525610717,41.68334747980231],[125.46394941603262,41.58777191783969],[125.56342654819662,41.41075429907164],[125.63474002463238,41.34145620424039],[125.65075971928559,41.286265774345964],[125.70274621006945,41.251797594083655],[125.74295047408509,41.24138479287387],[125.74481082605871,41.175316473776206],[125.7682719259086,41.150305081214526],[125.72527713393254,41.11426076891934],[125.72248660687137,41.073772284962956],[125.6917391296571,41.0040607771831],[125.57644900931427,40.912619330317796],[125.60022016842595,40.8977623565475]],[[125.37320560115757,41.66567414054913],[125.44193525610717,41.68334747980231]],[[125.66460900270329,40.89884756126594],[125.688018426609,40.89274974230676],[125.70215848126794,40.86383473737727]],[[125.60022016842595,40.8977623565475],[125.66460900270329,40.89884756126594]],[[117.2390767755727,40.09261770274475],[117.30625613781046,40.10721629499602],[117.3636686539852,40.180493476192964],[117.37204023606796,40.20064728414485],[117.3567956886701,40.25702627244448]],[[116.87563642807868,39.68646678321545],[116.82163455569014,39.619080715402674],[116.79341922401795,39.602311712815265]],[[119.2309965347622,41.273398341959876],[119.21549360584515,41.23283234273839],[119.1635071150613,41.17640167939396],[119.01343875519433,41.08043854380372]],[[119.01343875519433,41.08043854380372],[119.00057132370762,41.080490221546484]],[[119.00057132370762,41.080490221546484],[118.96475955630842,41.074702460050446],[118.92744917214156,41.046771349218375],[118.93974816284742,41.0218374701231],[119.0101831401397,40.99517243116276],[119.00227664605029,40.96416657242935],[118.96599979065775,40.95269440402353]],[[118.96599979065775,40.95269440402353],[118.9253304377495,40.96383067474579]],[[118.9253304377495,40.96383067474579],[118.90217939716138,40.9566218117472],[118.85112308236432,40.85724803327008],[118.84926273039059,40.82983368637548],[119.06790571467695,40.651343289261376]],[[119.17714969290398,40.704440823185394],[119.19606326740586,40.69188345006114],[119.18975874197235,40.6201048847326],[119.23952314737528,40.55964345997768],[119.30210330562306,40.52920604112586]],[[119.06790571467695,40.651343289261376],[119.11865197201087,40.66490835183896],[119.17714969290398,40.704440823185394]],[[119.55082197535387,40.545484117298145],[119.59779585189699,40.486107896362284],[119.58167280535565,40.361981105943244],[119.6369665871382,40.27526805337794],[119.63055870981657,40.219767564221684],[119.64099734944807,40.20757192630333]],[[119.46405724504575,40.53230662744886],[119.55082197535387,40.545484117298145]],[[119.32752811113335,40.53334015622323],[119.46405724504575,40.53230662744886]],[[119.30210330562306,40.52920604112586],[119.32752811113335,40.53334015622323]],[[119.69014163632744,40.21506500924278],[119.74708906540798,40.1996137562698],[119.74181806874878,40.090473130830276],[119.76543419822963,40.06303294551401],[119.82346683202866,40.03109690989447],[119.8486069904448,39.99105709536539]],[[119.64099734944807,40.20757192630333],[119.69014163632744,40.21506500924278]],[[116.79341922401795,39.602311712815265],[116.79341922401795,39.48371430147381],[116.85315718015966,39.35224945684695],[116.82613040599335,39.21654714613385],[116.8436487156157,39.183345037743265],[116.90204308462057,39.15649913252889],[116.91010460834093,39.13006663756522],[116.89181115056408,39.10252309856213],[116.70060835159416,39.00041046806865],[116.68215986508562,38.95271312111362],[116.68246992434752,38.896799220807395],[116.70060835159416,38.84044607182875],[116.73817711817946,38.78706431706456],[116.85114179855509,38.73887604369446],[116.88075239510692,38.699395250090674],[116.92576256688892,38.68993846328942]],[[117.0284953150067,38.70864533131697],[117.05283491400007,38.69035187443944],[117.07273034133209,38.62415436503187],[117.09489952998922,38.611752021538564],[117.1894157247558,38.60580923131096],[117.21329023575572,38.597902737221546],[117.23669965966155,38.56875722956249],[117.27132286955475,38.5592487659178]],[[116.92576256688892,38.68993846328942],[117.0284953150067,38.70864533131697]],[[117.27132286955475,38.5592487659178],[117.53863695559322,38.620405003517824]],[[117.3567956886701,40.25702627244448],[117.45105350101824,40.22669220638022],[117.55590498262882,40.17036489492392],[117.62251590408562,40.12390778321759],[117.65011111903289,40.083186754365215],[117.74974327992834,40.063472195085694],[117.75625451093686,40.05259430588251],[117.7419918145705,40.026135973396435],[117.78963748558147,39.981590887809205],[117.76555626810728,39.964072577287595]],[[117.63445315958563,39.9614112414356],[117.52288374229079,40.00350169494726]],[[117.52288374229079,40.00350169494726],[117.50128299441462,39.988722236442015],[117.51740604095596,39.93973297829427],[117.50324669827648,39.8732254087256],[117.5235038599152,39.82816356099954],[117.53311567634739,39.75041636792105],[117.56412153508074,39.72974579513232],[117.58029625936479,39.684244696935195],[117.62727013590802,39.660473537823464],[117.63708865791523,39.628537503103246],[117.6207589048995,39.582829698431794],[117.67987674431629,39.561694036750396],[117.7135697773233,39.53314280919329]],[[117.76555626810728,39.964072577287595],[117.71248457170555,39.968516750747426]],[[117.71248457170555,39.968516750747426],[117.63445315958563,39.9614112414356]],[[117.76292076977768,39.5821837432851],[117.8238989602687,39.565569770328636]],[[117.7135697773233,39.53314280919329],[117.73796105405938,39.54678538703598],[117.74540246015533,39.57665436510683],[117.76292076977768,39.5821837432851]],[[117.8741801287099,39.57143504529108],[117.9128341000137,39.539447332828104],[117.87821089101976,39.44733409329376],[117.87852094938228,39.41774933516365],[117.89712446462227,39.3986807319302],[117.97629275920337,39.37175731145072],[118.00791873556113,39.34266347883647],[118.00887336524126,39.22351660990735]],[[117.8238989602687,39.565569770328636],[117.8741801287099,39.57143504529108]],[[117.07273034133209,40.67353831634023],[116.91041466670345,40.749218450970716],[116.67580366370805,40.94013703089922],[116.65792361887986,40.965251777147785],[116.64908694880364,41.04033763347496],[116.63311893099387,41.047727362727585]],[[116.63311893099387,41.047727362727585],[116.59958092671832,41.030622464255316],[116.59182946225985,40.991865139264746],[116.49720991380639,40.953211167961],[116.46196658718816,40.909182848109936],[116.43819542897586,40.899726061308684]],[[116.43819542897586,40.899726061308684],[116.36481489499135,40.93031850799275]],[[116.36481489499135,40.93031850799275],[116.34946699390662,40.92179189717831],[116.35582319528419,40.90158641238298],[116.46894290619014,40.77844147389487],[116.46801273020333,40.765574042408105],[116.44997765484482,40.760974840216704]],[[116.44997765484482,40.760974840216704],[116.3759770041354,40.767305203172555]],[[116.3759770041354,40.767305203172555],[116.29887576710291,40.73867645945103]],[[116.29887576710291,40.73867645945103],[116.23541710791312,40.76702098233244]],[[116.23541710791312,40.76702098233244],[116.20730512902844,40.750381170954256],[116.12648318894799,40.65465058026007],[116.03940840117673,40.60191478154189],[116.00638715993944,40.59530019774593]],[[117.3034656107493,40.66180776641528],[117.16579959527508,40.69358877240393]],[[117.16579959527508,40.69358877240393],[117.07273034133209,40.67353831634023]],[[117.39968712785867,40.594318345815],[117.43813439268797,40.63689972574173],[117.4885705907601,40.65126577399627],[117.48593509332989,40.66193695672513],[117.42852257715515,40.669042466936276]],[[117.42852257715515,40.669042466936276],[117.3034656107493,40.66180776641528]],[[116.00638715993944,40.59530019774593],[115.89605797699403,40.61343862589183]],[[115.89605797699403,40.61343862589183],[115.73436242088894,40.5612454295329],[115.72568078044367,40.54478648530801],[115.89497277227554,40.3468657497545],[115.93031945168127,40.325058295404006],[115.94303185443653,40.27152151100893],[115.89218224521437,40.2277774110986],[115.84500166219686,40.16057221133843],[115.57762780218127,40.09631256827038],[115.52838016161513,40.07316152588368],[115.47954593309828,40.01290680580445],[115.4252340032466,39.985466620488125],[115.42709435432096,39.96257396141914],[115.50145674023634,39.919889227805584],[115.50471235619023,39.849376736147406],[115.56569054578199,39.8007233747839],[115.51261885027964,39.77966522926687]],[[117.35932783421208,40.59638540336363],[117.39968712785867,40.594318345815]],[[117.3567956886701,40.25702627244448],[117.28796268093288,40.297850654084414],[117.25054894397852,40.33782237410327],[117.23793989491014,40.385545559479965],[117.24016198119045,40.44636872034016],[117.18336958174075,40.500577298303654],[117.19732221884533,40.53419281694494],[117.24310753788257,40.570159613974965],[117.35932783421208,40.59638540336363]],[[115.51261885027964,39.77966522926687],[115.47567020131874,39.78529796023264]],[[115.47567020131874,39.78529796023264],[115.44543948804187,39.77563446695706],[115.43567264197884,39.75493805574666],[115.46822879432341,39.63375682201968],[115.49044965982387,39.61724620185072],[115.57793785964441,39.59572296834028]],[[116.61430871017876,39.61210439730007],[116.79341922401795,39.602311712815265]],[[116.41039350755432,39.440435289556945],[116.44729048057116,39.447359930816106],[116.46460208461849,39.46629934284039],[116.46165652882564,39.48296499353961],[116.42687829020088,39.50585765170922],[116.42827355418115,39.521412258369025],[116.52744062708325,39.556448880311564],[116.55880822192182,39.594431057147574],[116.61430871017876,39.61210439730007]],[[115.61845218292183,39.6037328152172],[115.66036177017952,39.59551626186595],[115.68806033701492,39.54967926688465],[115.75591149282104,39.50895823803222]],[[115.57793785964441,39.59572296834028],[115.61845218292183,39.6037328152172]],[[116.18529096910288,39.5790831569621],[116.21040571535138,39.57190013328449],[116.24978315616772,39.505805975765156],[116.31763431197385,39.460899155871346],[116.41039350755432,39.440435289556945]],[[116.1025053242613,39.563425198414166],[116.18529096910288,39.5790831569621]],[[115.93807091703911,39.57546580670157],[116.01010786298741,39.556448880311564]],[[115.8330644057977,39.543943183131375],[115.93807091703911,39.57546580670157]],[[116.07155114057264,39.56616404953127],[116.1025053242613,39.563425198414166]],[[116.01010786298741,39.556448880311564],[116.07155114057264,39.56616404953127]],[[115.80851810122931,39.54399485907544],[115.8330644057977,39.543943183131375]],[[115.75591149282104,39.50895823803222],[115.80851810122931,39.54399485907544]],[[121.03781131394089,30.808455715159084],[120.98101891539056,30.832046007117526],[120.99719363787608,30.860984809201568],[120.979003533786,30.892300727196755],[120.99347293482799,30.9263554963091],[120.98427453044519,30.992372138563326],[120.96918501177879,31.00945119951325],[120.9397294448579,31.01348196092374]],[[120.9397294448579,31.01348196092374],[120.90934370284958,31.01172496173757]],[[121.17098148001128,30.785149644040814],[121.14033735558439,30.791118271790765],[121.08530195532092,30.84387990982998]],[[121.08530195532092,30.84387990982998],[121.03781131394089,30.808455715159084]],[[121.273555560711,30.696088558830763],[121.2406413109477,30.762256984971884],[121.19036014160724,30.78716502474606]],[[121.19036014160724,30.78716502474606],[121.17098148001128,30.785149644040814]],[[117.38599287317254,37.840687975269816],[117.43379357291496,37.85794790337303],[117.49570193939292,37.940139269012036],[117.53265058835393,38.01535431654844],[117.56866906132802,38.04891815924566],[117.68731815041224,38.072663479036294],[117.75408409970134,38.12816396729323],[117.77981896357426,38.164440822685776],[117.76772667934279,38.19089915607117],[117.77516808543874,38.23580597596498],[117.83267387242972,38.26793536002299]],[[117.31943362765969,37.8507648787961],[117.38599287317254,37.840687975269816]],[[117.20429853694793,37.84022288727641],[117.31943362765969,37.8507648787961]],[[117.17158735587168,37.84275503191918],[117.20429853694793,37.84022288727641]],[[117.11939415861343,37.840067856746145],[117.17158735587168,37.84275503191918]],[[117.07552086839337,37.84244497355667],[117.11939415861343,37.840067856746145]],[[116.99650760344309,37.83185130519354],[117.07552086839337,37.84244497355667]],[[116.80241092282574,37.840326240063916],[116.83951460231697,37.83365998032383]],[[116.42067711755487,37.478797918689],[116.59394819485328,37.62256175402172],[116.64862186081018,37.70379710525219],[116.72530968579326,37.750254217857844],[116.75026940331031,37.80895864522529],[116.80241092282574,37.840326240063916]],[[116.95945560079531,37.83807831536194],[116.99650760344309,37.83185130519354]],[[116.93258385625995,37.83557200824157],[116.95945560079531,37.83807831536194]],[[116.87548139934711,37.836863919434336],[116.93258385625995,37.83557200824157]],[[116.83951460231697,37.83365998032383],[116.87548139934711,37.836863919434336]],[[116.35008711063165,37.62090810852237],[116.3759770041354,37.58308096041799],[116.38641564286763,37.51564321486245],[116.42067711755487,37.478797918689]],[[116.19552290226011,37.35410268838831],[116.25557091676433,37.38733063430129],[116.21991417899608,37.462364813785086],[116.2639424988472,37.511302395089444],[116.27872195825171,37.550033880758974],[116.35008711063165,37.62090810852237]],[[116.13392459504394,37.370019029354694],[116.19552290226011,37.35410268838831]],[[115.36704633981674,36.3000843370225],[115.34983808765753,36.30897268304284],[115.33293989476033,36.37553192855563],[115.2757340841606,36.47420807504261],[115.34802941342662,36.58172089340451],[115.3416215352056,36.59975596786359],[115.47784061075549,36.753570868300926],[115.62641035385468,36.7935684267415],[115.66439253069075,36.81527252920381],[115.69178104096227,36.869584459055545],[115.77301639219274,36.94570384415704],[115.7813879742755,36.99626923343834],[115.85735232974616,37.06621328431561],[115.89838341696111,37.196231187219496],[115.97098880369026,37.26452159349674],[115.97501956600013,37.32170156477537],[116.03847822518992,37.35552378989098],[116.13392459504394,37.370019029354694]],[[115.46032230023388,36.15787079530094],[115.44885013182807,36.249157213434614],[115.38740685424284,36.30176382094356]],[[115.38740685424284,36.30176382094356],[115.36704633981674,36.3000843370225]],[[119.75406538261132,31.17783885288071],[119.80372643432747,31.158692735281477]],[[119.70021854075299,31.16608246543342],[119.75406538261132,31.17783885288071]],[[119.88025923057899,31.169622301328104],[119.93193566300044,31.150036933257866],[119.94309777214437,31.086578274068074],[120.05130822159708,30.994542548000197],[120.12861616420457,30.943176173941254],[120.21341718975145,30.92054189729072]],[[119.80372643432747,31.158692735281477],[119.88025923057899,31.169622301328104]],[[119.6743286481485,31.166211655743325],[119.70021854075299,31.16608246543342]],[[119.62978356256133,31.132880357042836],[119.6743286481485,31.166211655743325]],[[120.87813113764184,30.993896592853446],[120.90934370284958,31.01172496173757]],[[120.8337927594282,31.001725572577072],[120.87813113764184,30.993896592853446]],[[120.63452843583855,30.858039252509457],[120.70842573465984,30.885970364240904],[120.70077762298888,30.93449453439524],[120.68000369741264,30.959454251012858],[120.68651492662252,30.97338104879634],[120.8337927594282,31.001725572577072]],[[120.36167687358875,30.938757838903143],[120.37149539559596,30.899225369355293],[120.39030561731033,30.88741730416524]],[[120.21341718975145,30.92054189729072],[120.36167687358875,30.938757838903143]],[[120.43216352772458,30.9028168811941],[120.44694298712909,30.88969106728888],[120.49097130698021,30.76370392489622]],[[120.39030561731033,30.88741730416524],[120.43216352772458,30.9028168811941]],[[120.6042977225618,30.860287177211433],[120.63452843583855,30.858039252509457]],[[120.49097130698021,30.76370392489622],[120.6042977225618,30.860287177211433]],[[121.33064003034582,31.49184606196376],[121.3253389828078,31.492315782447406]],[[121.3253389828078,31.492315782447406],[121.29154259701318,31.48505524350469]],[[121.29154259701318,31.48505524350469],[121.26172529488645,31.486657213059914]],[[121.26172529488645,31.486657213059914],[121.1867944681901,31.45751170540086],[121.17315189034741,31.441414496381867],[121.13992394443449,31.38790355130783],[121.1405440611594,31.31757192590362],[121.11925337074638,31.275636502022905]],[[121.11925337074638,31.275636502022905],[121.09940962115706,31.279925644952527]],[[121.09940962115706,31.279925644952527],[121.05894697472309,31.2605211449349],[121.0704191431289,31.176262721747207],[121.06297773613358,31.153680121040736],[120.95822960820976,31.135024928957307]],[[120.95822960820976,31.135024928957307],[120.88298872315102,31.140037543198048]],[[120.88298872315102,31.140037543198048],[120.86076785675118,31.125671494943504],[120.90934370284958,31.01172496173757]],[[119.2286710956945,35.1125857612239],[119.26592980391729,35.10390411987919],[119.28024973953043,35.08179284729356]],[[119.07627729675983,35.04982473402424],[119.17559940019214,35.10591950148381],[119.2286710956945,35.1125857612239]],[[118.9540108583144,35.05075491001105],[119.07627729675983,35.04982473402424]],[[118.67376956591272,34.68341299141639],[118.7135087419349,34.69695221647157],[118.75944909060297,34.74862864799371],[118.77665734276206,34.83363638001492],[118.8422864122881,34.93456045210314],[118.85892622276697,35.029645086751316],[118.9540108583144,35.05075491001105]],[[116.81853397026646,34.96207815178525],[116.95930057206374,34.862936917304864],[116.98317508306354,34.78901378006191],[117.06058637935791,34.70945791275244],[117.14037479066405,34.56435049118221],[117.15618777884288,34.475363673694574],[117.20414350821625,34.4446937117454]],[[116.72468956906835,34.929082749868996],[116.7909387553193,34.93755768473932],[116.81853397026646,34.96207815178525]],[[116.64676150883656,34.93838450793868],[116.72468956906835,34.929082749868996]],[[116.37721723758546,34.63953970029689],[116.38248823514391,34.70845022239985],[116.41571618015757,34.75803375885084],[116.42021202956141,34.8342564967399],[116.4536983578929,34.881643785332415],[116.49938032414263,34.91063426425984],[116.64676150883656,34.93838450793868]],[[118.58101037033225,34.70907033912482],[118.67376956591272,34.68341299141639]],[[118.33890628529673,34.41826121678173],[118.39104780481227,34.44373769823619],[118.40985802562739,34.4716946483893],[118.42551598507464,34.591790676498476],[118.45342125928369,34.634191189271974],[118.4600875181244,34.67682424604209],[118.53181440571018,34.705323798554446],[118.58101037033225,34.70907033912482]],[[117.92120568209646,34.677909450760524],[118.07695844887326,34.640754096224555],[118.09421837787579,34.57096507407891],[118.15287112839985,34.541509508057345],[118.13235558524207,34.484303697457676],[118.1675989118603,34.447665106859176],[118.16542850062478,34.399244290391664],[118.17514367074375,34.3972289087871]],[[117.85185591042193,34.663259182565184],[117.92120568209646,34.677909450760524]],[[117.80591556175375,34.663672593715205],[117.85185591042193,34.663259182565184]],[[117.75976850840993,34.52207916871862],[117.77330773256574,34.52654918149949],[117.78684695762092,34.63907461230349],[117.80591556175375,34.663672593715205]],[[117.33695193908068,34.58861257580969],[117.46903690043257,34.47533783617217],[117.54660322455914,34.462444566263684]],[[117.20414350821625,34.4446937117454],[117.2390767755727,34.46818065001696],[117.24434777223189,34.53432648437973],[117.2779891301941,34.56626251909995],[117.33695193908068,34.58861257580969]],[[117.69279585174706,34.53499827704883],[117.75976850840993,34.52207916871862]],[[117.54660322455914,34.462444566263684],[117.58587731258785,34.46869741485381],[117.65321170535583,34.526109931028486],[117.69279585174706,34.53499827704883]],[[118.31069095272528,34.419914863180395],[118.33890628529673,34.41826121678173]],[[118.17514367074375,34.3972289087871],[118.31069095272528,34.419914863180395]],[[123.16166100485145,46.22007314725789],[123.08595503089987,46.113412991416396],[122.82137169794544,46.09387929929022]],[[122.82137169794544,46.09387929929022],[122.80679894411594,46.09615306331318]],[[122.80679894411594,46.09615306331318],[122.79098595593712,45.97047597928298],[122.8005977723692,45.9130634631083],[122.76845503117465,45.861102809846784],[122.7720207045918,45.78144358974987],[122.69631473243885,45.71075023003908]],[[122.24724653529927,45.81335378694769],[122.05945438011554,45.927377835418724],[122.01077518122963,45.97486847589943],[121.88644168523558,46.008923245011715],[121.79538781109852,46.01507273991501]],[[121.79538781109852,46.01507273991501],[121.77368371043485,46.01034434741365],[121.77089318157505,45.99665009182826],[121.81151085763997,45.9473249377956],[121.81058068165305,45.89784475413205],[121.72572798106148,45.78234792731496],[121.64950524317237,45.74095510489417],[121.66640343606969,45.71576284427982],[121.728983596116,45.68217316316094],[121.77688764864604,45.67473175706493]],[[122.69631473243885,45.71075023003908],[122.64696373908521,45.725064602349505],[122.50852257725512,45.81265615495755],[122.45250532416128,45.91978139879251],[122.3985551286163,45.949185288869955]],[[122.3985551286163,45.949185288869955],[122.36858279775788,45.90014435477815],[122.29375532384904,45.83441193336398],[122.24724653529927,45.81335378694769]],[[121.88024051258958,45.700983384875315],[121.93439741370958,45.689950466041125],[121.98204308472054,45.64227895840719],[121.98529869977517,45.61840444650795],[121.96390465657464,45.56750316044247],[121.97470503141199,45.53598053597295],[122.0208520847558,45.48714630835542],[122.10668663907711,45.468749497791066],[122.13645226436051,45.449086616254306],[122.20595706566598,45.3634329290864],[122.20967776871396,45.320541489897835],[122.23623945488691,45.279872137888844],[122.2283329607975,45.23760081632457],[122.19184939982983,45.201039740991234],[122.03697513219652,45.145513414312575],[122.01077518122963,45.1183316114147],[122.01434085464666,45.0291897651955],[122.03806033691501,44.9343635120664],[122.0211621440177,44.85669383425301],[122.04596683190368,44.77912750922712],[122.04178104086225,44.70667715122954],[122.07206343008318,44.644665431964086],[122.27814904214449,44.43857981990277],[122.27856245329451,44.36434662519656],[122.25406782377104,44.245930081008396],[122.27794233567022,44.21879995405459],[122.32248742125739,44.21058340070334]],[[121.77688764864604,45.67473175706493],[121.88024051258958,45.700983384875315]],[[123.09153608592158,44.53278595630684],[123.12378217990363,44.49439036742149],[123.11902794808134,44.399667467079894],[123.17504520117507,44.359256497489355],[123.2464103535549,44.21608694135921],[123.34009972512217,44.17156769509302],[123.35906497556812,44.15133637097671],[123.36108035717268,44.096946925859925],[123.32707726490378,44.06604441991402],[123.32227135623805,44.041859850551646],[123.34309695865761,43.99294810587037],[123.41771772699144,43.88975027155777],[123.47125451138652,43.76172191003809],[123.52479129398296,43.69170034389572],[123.52448123562044,43.62488271686385],[123.49419884729889,43.58945852309233]],[[122.32248742125739,44.21058340070334],[122.5948222186704,44.29114695926472],[122.63792036343398,44.32403900839353],[122.72628706329726,44.338198351073004],[122.82121666921387,44.39408641205824],[122.95531701127095,44.44684804919808],[123.04451053343428,44.51325226507993],[123.09153608592158,44.53278595630684]],[[123.49419884729889,43.58945852309233],[123.41864790297825,43.618268133967206]],[[123.41864790297825,43.618268133967206],[123.41988813732758,43.57289622697925],[123.34774783679313,43.52083222093023],[123.35859988757466,43.46745046616604],[123.3865051617837,43.45006134685366],[123.45451134722089,43.437426459363564],[123.49993493105217,43.40639476220849],[123.5705766130202,43.39574941700198],[123.6059232933253,43.36505361573177],[123.69625369705045,43.35347809543771]],[[121.91114302033407,52.25830923118605],[121.81414635596946,52.275982571338545],[121.73347944462057,52.36295400722162],[121.69234500461823,52.388533841463584],[121.4909102715917,52.4446802839679],[121.39691084166202,52.50196360893335],[121.16689904175735,52.58128693314541],[121.17392703670339,52.594981187831536],[121.50274417520347,52.7746859808733],[121.69151818231819,52.9083470733587],[121.79910851414661,53.01803030115747],[121.75859419176845,53.10342560500766],[121.6771521340637,53.137635402851515],[121.64857506718556,53.208742173712324],[121.62619917205404,53.22969696734117],[121.45230797713134,53.288168849812564],[121.41794931799394,53.31264241418271]],[[123.11530724503325,51.3060934519512],[122.9562471863585,51.38606273130995],[122.88436526914177,51.44812612651947],[122.83894168531049,51.510551256035626],[122.83553104062503,51.567757065735975],[122.70902713429473,51.711107489918675],[122.70840701667044,51.7397620711626],[122.75930830273592,51.79668366092221],[122.7610136250787,51.82613922784304],[122.63254601398728,52.11609568946449],[122.64494835838002,52.13593943905386],[122.75372724771421,52.17206126571483],[122.77512129091474,52.20001821586794],[122.77372602783385,52.22448700607043],[122.73073123585777,52.24890412032886],[122.56981082610866,52.265802314125494],[122.50190799435836,52.28595612207732],[122.45395226408561,52.349053046061215],[122.38160525887554,52.39757721621555],[122.34641360910075,52.449615383842854],[122.20766238800877,52.49018138306434]],[[122.20766238800877,52.49018138306434],[122.17365929573987,52.47963939154465],[122.09728152911919,52.36171377197297],[122.02782840375778,52.28972850196874],[121.91114302033407,52.25830923118605]],[[125.79953616795979,51.21000112605111],[125.70295291564446,51.266741847758055],[125.64796919222442,51.343222968065504],[125.56869754395643,51.39655304598625],[125.5387252139974,51.45680776606554],[125.48663537042592,51.507398993768504],[125.33331139460518,51.58274323251413],[125.12753584180564,51.615738634430386]],[[125.12753584180564,51.615738634430386],[125.06826297365728,51.594370428752256],[125.06061486198621,51.53437409109142],[125.04609378500015,51.51582225179544],[124.95917402596046,51.493007107092296],[124.94026045055932,51.445206407349815],[124.86558800718069,51.41345123978289],[124.82807091743882,51.36758840637981],[124.7625452007004,51.365728054406134],[124.66622033080353,51.33526479803197]],[[124.66622033080353,51.33526479803197],[124.50188927636896,51.360586248956224]],[[124.50188927636896,51.360586248956224],[124.45315840063961,51.35063853573979],[124.42509809769899,51.29831614817169],[124.35078738772768,51.27862742821321]],[[124.35078738772768,51.27862742821321],[124.28433149590171,51.28332998319212],[124.16206505655703,51.328365994295154]],[[124.16206505655703,51.328365994295154],[124.00440026276192,51.30172679285715]],[[123.36883182163126,51.265966702301455],[123.2589677266792,51.26860219973173],[123.16977420541525,51.3180823842946]],[[123.16977420541525,51.3180823842946],[123.11530724503325,51.3060934519512]],[[124.00440026276192,51.30172679285715],[123.86626915929423,51.31343150525976]],[[123.86626915929423,51.31343150525976],[123.81665978442152,51.29893626579599],[123.79195844932292,51.23754466415488],[123.7741300804388,51.22209341118196],[123.62194298707914,51.19713369456434]],[[123.62194298707914,51.19713369456434],[123.56964643793276,51.203903307091934],[123.50257042938176,51.25976553055477],[123.43833662293673,51.273098050034946]],[[123.43833662293673,51.273098050034946],[123.36883182163126,51.265966702301455]],[[125.92526492703473,51.11000722905038],[125.92836551335768,51.126595364484444],[125.8706946147646,51.144759630152805],[125.84340945907923,51.206228746159695],[125.81912153513065,51.2136701522557]],[[125.81912153513065,51.2136701522557],[125.79953616795979,51.21000112605111]],[[125.98055870971666,50.87040945113523],[126.04525760325578,50.943144029073665],[126.05626468276887,50.98027354608723],[126.02660241117223,51.05114777295131],[125.98908532143037,51.070371405815706],[125.98438276555214,51.104219469352984],[125.95689090429175,51.111557521762165]],[[125.95689090429175,51.111557521762165],[125.92526492703473,51.11000722905038]],[[125.95167158357663,50.8926044791134],[125.98055870971666,50.87040945113523]],[[125.92526492703473,50.85674103487082],[125.95167158357663,50.8926044791134]],[[125.90883182213088,50.862580471411604],[125.92526492703473,50.85674103487082]],[[125.82403079568462,50.766798203873975],[125.91224246591707,50.83627716675784],[125.89115848197832,50.85674103487082],[125.90883182213088,50.862580471411604]],[[125.7681685731211,50.76785757107001],[125.82403079568462,50.766798203873975]],[[125.57236657106034,50.39403025988855],[125.57474368697149,50.43635325829621],[125.64667728103166,50.45268301041256],[125.71302982007012,50.50730499952607],[125.79333499621305,50.53438345053581],[125.80940636591106,50.5622370470021],[125.80237837096502,50.63765880011351],[125.7827413269506,50.675563463483],[125.80857954271164,50.69597565385334],[125.75400923134089,50.75434418443655],[125.7681685731211,50.76785757107001]],[[125.54203250499609,50.406587633012805],[125.57236657106034,50.39403025988855]],[[125.31579308498283,50.12458934232427],[125.3595113473707,50.144536444701146],[125.3430782406682,50.16469025355235],[125.44302046082555,50.21112152773628],[125.43929975777758,50.22613353113752],[125.45366580603206,50.23197296857762],[125.43929975777758,50.25403880534657],[125.46436282808202,50.29251190949702],[125.50632409128377,50.31413849489559],[125.54203250499609,50.406587633012805]],[[125.30153039041511,50.137379259445254],[125.31579308498283,50.12458934232427]],[[125.29305545464547,50.066298326106846],[125.26055097914434,50.09642568569683],[125.30153039041511,50.137379259445254]],[[125.29202192587115,50.04978770593783],[125.32943566282552,50.06226756379698],[125.31724002490716,50.066453355737735]],[[125.31724002490716,50.066453355737735],[125.29305545464547,50.066298326106846]],[[125.25026736914367,50.05482615770097],[125.29202192587115,50.04978770593783]],[[125.1884623563526,49.64394684477105],[125.21957156787346,49.66813141503275],[125.22329227092155,49.78698720969197],[125.17792036303433,49.818974921255574],[125.23476443932736,49.84796540018306],[125.2257727396202,49.86364919715271],[125.24499637338386,49.877033393476324],[125.22401574133335,49.900675361378774],[125.2257727396202,49.918271186266225],[125.18660200437898,49.9516799993325],[125.2257727396202,49.95922475821601],[125.2480452819641,49.98893870755529],[125.2952258649816,50.01446686495382],[125.25026736914367,50.05482615770097]],[[125.15125532407387,49.66441071198477],[125.1884623563526,49.64394684477105]],[[125.14805138586269,49.61940054020272],[125.12521040273782,49.65658173316041],[125.15125532407387,49.66441071198477]],[[125.24003543508718,49.540904039190025],[125.19538699761176,49.599866848076545],[125.16324425731659,49.62061493613038]],[[125.16324425731659,49.62061493613038],[125.14805138586269,49.61940054020272]],[[125.23362755686617,49.542221787905135],[125.24003543508718,49.540904039190025]],[[125.22236209493474,49.258802394814666],[125.23321414571615,49.273995266268514],[125.22246544772213,49.28546743377501],[125.25367801292987,49.34287995084901],[125.24003543508718,49.3900605329672],[125.267372267616,49.43848135033403],[125.21853803909914,49.519716702463825],[125.23362755686617,49.542221787905135]],[[125.21957156787346,49.260352688425826],[125.22236209493474,49.258802394814666]],[[125.11280805924446,49.13511485486663],[125.15812829028835,49.1511087101988],[125.17378624883622,49.180564277119686],[125.2091846050854,49.203456936188616],[125.2257727396202,49.22557444890168],[125.21957156787346,49.260352688425826]],[[124.87354617721428,49.178445542727616],[125.0311592959647,49.164131171316455],[125.062526889904,49.13684601473176],[125.11280805924446,49.13511485486663]],[[124.48235558514205,48.1115855982967],[124.52049279160894,48.12869049676897],[124.52814090417928,48.1909347600311],[124.56224734923569,48.236177476709145],[124.55945682217452,48.31488068329685],[124.54746788983118,48.35232025777367],[124.52069949808333,48.36903758441696],[124.54410892108979,48.46680939423811],[124.53361860641348,48.50163930880706],[124.548604771393,48.519881089740466],[124.53160322480892,48.55931020829945],[124.60710249228612,48.63873688439969],[124.62183027574656,48.74198639645499],[124.8215596864303,49.060881660160476],[124.82228315594284,49.11571035394962],[124.87354617721428,49.178445542727616]],[[124.24433393836057,48.53388540278911],[124.3037618352405,48.48758331981435],[124.3171977066088,48.35095083311444],[124.39264529814193,48.26366933886885],[124.41589969331619,48.22248322202307],[124.41827680922734,48.18289907473246],[124.46530236171452,48.15535553572937],[124.48235558514205,48.1115855982967]],[[123.18682742704402,46.76164215845881],[123.12440229662866,46.77533641224562],[123.02942101386861,46.81802114495986],[122.78767866403905,47.04072072997769],[122.65032270692734,47.08629934343992],[122.57404829309417,47.131128648068625],[122.53570438015299,47.170092677734885],[122.50077111189728,47.23747874644698],[122.40522138925564,47.33168488195173],[122.49472496978149,47.41023305890849],[122.56536665264889,47.5311559111164],[122.72297977139931,47.5977926700956],[122.79734215731469,47.64355215071117],[123.0954118186005,47.754940700852615],[123.20682620716366,47.81382599537335],[123.28656294162636,47.94131175453384],[123.4873775570286,48.00756093988542],[123.57755293202217,48.05432811085359],[123.72694949832066,48.191063951240324],[124.07793582637726,48.44830923088625],[124.24433393836057,48.53388540278911]],[[123.52324100127112,46.813576972399346],[123.4893929377339,46.81729767544732],[123.46360639881618,46.83675385230839],[123.46009240134322,46.884657904838434],[123.3911560408186,46.89987661381463]],[[123.3911560408186,46.89987661381463],[123.36883182163126,46.8901614454943],[123.32180626824459,46.8261343455236],[123.25369673091939,46.812595120468416],[123.18682742704402,46.76164215845881]],[[123.29152387902377,46.58635569955584],[123.39131107044955,46.59521820715452],[123.53610843275794,46.691982327522396],[123.62576704291462,46.80342255270864],[123.59522627217473,46.81016632681451],[123.61331302257793,46.841094672081454],[123.59181562658989,46.87564036670955]],[[123.59181562658989,46.87564036670955],[123.5706799658077,46.873289090119385],[123.54845910030724,46.822594508729594],[123.52324100127112,46.813576972399346]],[[123.06332075424939,46.62459625881024],[123.29152387902377,46.58635569955584]],[[123.16166100485145,46.22007314725789],[122.98890669238995,46.40657339124897],[122.98415245966828,46.43442698771531],[123.00699344279315,46.50065033644387],[123.00699344279315,46.59643260398144],[123.01970584464891,46.612348944947826],[123.06332075424939,46.62459625881024]],[[123.3544140974326,43.012310289388324],[123.6203926943673,43.08693105682278],[123.66008019444541,43.17837250368808],[123.65356896433616,43.20992096657932],[123.69883751763723,43.32267894137999],[123.69625369705045,43.35347809543771]],[[123.29979210831914,43.01649608042976],[123.3544140974326,43.012310289388324]],[[123.02466678294559,42.78498566285805],[123.06745486934665,42.790515041935635],[123.13127526284302,42.82637848617816],[123.15980065287783,42.86492910379508],[123.18186648964672,42.94409739837619],[123.29979210831914,43.01649608042976]],[[122.39204389940642,42.85356028907603],[122.47637983606057,42.84963288045304],[122.52717776933855,42.834233303424185],[122.76333906504578,42.732327379405035]],[[122.29938805571419,42.63646759750162],[122.41235273698919,42.66297760683108],[122.43204145694767,42.68522431075331],[122.43095625222918,42.712793688178124],[122.3634668316289,42.809376938694754],[122.36827274029463,42.84048615201431],[122.39204389940642,42.85356028907603]],[[122.97454064323608,42.78793122044942],[123.02466678294559,42.78498566285805]],[[122.76333906504578,42.732327379405035],[122.89278852806808,42.74493642847335],[122.97454064323608,42.78793122044942]],[[122.05563032427995,42.72134613741429],[122.1833227890155,42.6869037955737],[122.29938805571419,42.63646759750162]],[[121.6937402685985,42.455548408532195],[121.73270429916408,42.46087108023613],[121.76045454284281,42.4869160024715],[121.87776004389082,42.539574285924516],[121.93393232571623,42.673364570518515],[121.9659200381792,42.695533759175646],[122.05563032427995,42.72134613741429]],[[121.5517851101946,42.535491848569905],[121.5800004418669,42.52125499152464],[121.61834435390881,42.46381663692824],[121.64609459758753,42.453584702871694]],[[121.48300377840155,42.52148753552132],[121.5517851101946,42.535491848569905]],[[121.46781090694776,42.52551829693181],[121.48300377840155,42.52148753552132]],[[120.99765872586943,42.24982453077746],[121.03424563962449,42.26010814077807],[121.36885053872129,42.49999013953328],[121.46781090694776,42.52551829693181]],[[121.67467166626432,42.45601349472696],[121.6937402685985,42.455548408532195]],[[121.64609459758753,42.453584702871694],[121.67467166626432,42.45601349472696]],[[119.5197644388777,42.39472524677268],[119.58156945166877,42.355709540263035],[119.58849409382731,42.31553111376985],[119.62094689338437,42.285584622232534],[119.63644982320068,42.240083523136036],[119.8369543802404,42.19912995118625],[119.84501590396076,42.17448029203183],[119.80109093599788,42.14484385795765],[119.80093590726631,42.1288500035248],[119.88087934820328,42.06425446187387],[119.89111128136051,42.0000723331716],[119.97565392538831,41.955604762849475],[119.98237186107247,41.907235623225404],[120.03435835185644,41.85031403346585],[120.02779544490386,41.72192393674027],[120.06396894660952,41.6998064240272]],[[119.44855431522944,42.31646128975672],[119.47366906057869,42.332170925148034],[119.5197644388777,42.39472524677268]],[[119.43010582872103,42.31752065695275],[119.44855431522944,42.31646128975672]],[[119.38354536332781,42.29902049450021],[119.43010582872103,42.31752065695275]],[[119.37465701730741,42.29917552323178],[119.38354536332781,42.29902049450021]],[[119.2309965347622,41.273398341959876],[119.36163455618976,41.374994208515886],[119.38850630072511,41.43328522383399],[119.38106489462916,41.52004995414205],[119.35093753503918,41.61854523437506],[119.31466067874726,41.6593437766939],[119.29864098499343,41.7773469097321],[119.30623742072032,41.8381442330699],[119.33078372618797,41.867548123147344],[119.32174034963737,41.96539744733428],[119.36814578719827,42.02487702105765],[119.3742436061575,42.08042918615797],[119.36587202407463,42.10047964132235],[119.31605594272753,42.12177033083606],[119.24525923112856,42.191946925710056],[119.30024295544797,42.261089992708946],[119.3439612160372,42.294395452987715],[119.37465701730741,42.29917552323178]],[[120.91259931880347,42.296565864223226],[120.93187462761193,42.29641083369302],[120.99765872586943,42.24982453077746]],[[120.06396894660952,41.6998064240272],[120.11300988160076,41.710865180383735],[120.14076012617886,41.789284166131324],[120.26090783113148,41.880131333794],[120.33134280842387,41.96015228909687],[120.45841515463565,42.02508372753198],[120.49159142460451,42.08389150678761],[120.4859070167953,42.12435415322159],[120.4957255388025,42.14409455002345],[120.62786217699784,42.16037262619574],[120.7350907736203,42.22786204679602],[120.91259931880347,42.296565864223226]],[[117.53606123303939,42.62145559320106],[117.5936287779457,42.55158905668958]],[[117.3928141616442,42.454618232545386],[117.42418175738214,42.46849335438475],[117.4504333842932,42.54928945604354],[117.53606123303939,42.62145559320106]],[[117.80188480034326,42.609750881697835],[117.80576053302218,42.55952138920071],[117.84565473777593,42.535724392566635],[117.94461510600229,42.43616974513759],[118.02424848767748,42.38263296254115],[118.01846072798014,42.33519399710525],[118.041301711105,42.278246568024656],[117.99117557229476,42.24457937343931],[117.98931522032115,42.22160919910522],[118.0985591976488,42.17564301201537],[118.09680219936195,42.12450918195316],[118.12667117743285,42.06422862435153],[118.1248108263585,42.02932119451748],[118.14775516227087,42.01981272997347]],[[117.5936287779457,42.55158905668958],[117.80188480034326,42.609750881697835]],[[117.24388268423843,42.48226512343666],[117.3928141616442,42.454618232545386]],[[117.15494754359418,42.47084463187423],[117.24388268423843,42.48226512343666]],[[117.10342614080366,42.47611562853342],[117.15494754359418,42.47084463187423]],[[116.59973595634926,41.9237204049727],[116.79729495669687,41.98699819610982],[116.87315595938003,42.03071645849775],[116.8891239771898,42.069887192839644],[116.85734297120109,42.10549225556309],[116.85501753123401,42.12543935793997],[116.88834882993456,42.18471222608832],[116.87889204313319,42.220213935125],[116.8317114601158,42.29240591070419],[116.83703413271905,42.33981903681905],[116.88710859558512,42.39537120191943],[117.10342614080366,42.47611562853342]],[[114.80485843267047,42.178407701554136],[114.85064375170771,42.1388752302077],[114.8473881366532,42.07484813113632],[114.9230941097054,41.927105211236494],[114.93131066305659,41.8386093210633],[114.88118452424635,41.81548411709832],[114.86888553264123,41.79589874902803],[114.88831587108052,41.74468740549935],[114.87560346922464,41.61988882151189],[114.888987664649,41.610044461082964]],[[114.75194176589969,42.13985708303795],[114.80485843267047,42.178407701554136]],[[114.59634402875383,42.14127818543989],[114.75194176589969,42.13985708303795]],[[113.95679650305613,41.15286306427896],[113.98769900900197,41.16983877244138],[113.98769900900197,41.22490001112658],[113.98025760290602,41.24864533091727],[113.93188846238263,41.2599624696922],[113.91028771360709,41.286110744715074],[113.92796105375953,41.41835073479854],[114.01674116387358,41.525475979532814],[114.13637210488866,41.5557066919103],[114.1903739772772,41.5842062444226],[114.21352501786521,41.76690827099986],[114.25569298664198,41.8600808777303],[114.32400923134094,41.91351430933787],[114.41971398271403,41.95630239483961],[114.44270999636922,41.98172720035001],[114.48131229082946,42.07526154228634],[114.53267866398915,42.12241628688213],[114.59634402875383,42.14127818543989]],[[118.2322978053993,42.08420156515007],[118.27715294844973,42.06244578674364],[118.27715294844973,42.01262970629591],[118.29761681476418,41.9722962510711],[118.27436242138856,41.91142141426684],[118.3221631211311,41.8635431992592],[118.30288781142326,41.78556346308335],[118.27823815316822,41.752697252376265],[118.26320031134526,41.752335517170366]],[[118.14775516227087,42.01981272997347],[118.19400556930157,42.029631252879994],[118.21446943561591,42.075674954335625],[118.2322978053993,42.08420156515007]],[[116.37752729684723,42.00968415050312],[116.42703331893244,41.99777273252556],[116.45855594340208,41.9476207552936]],[[116.05661665243656,41.7984825714135],[116.08596886567057,41.810884914906865],[116.11749149014008,41.86785818150986],[116.20715010029687,41.88400706647292],[116.27624148955306,41.95033376708966],[116.37752729684723,42.00968415050312]],[[116.53674238515293,41.96710277057639],[116.58020226422309,41.927131048758895],[116.59973595634926,41.9237204049727]],[[116.45855594340208,41.9476207552936],[116.53674238515293,41.96710277057639]],[[115.9010189152907,41.93663951330285],[115.93734744662731,41.927466946442394],[116.03785810756551,41.80062714332797],[116.05661665243656,41.7984825714135]],[[115.34131147684309,41.615858059202026],[115.3416215352056,41.63820811591182],[115.31149417471636,41.688101712523974],[115.32239790234132,41.710891017906135],[115.57793785964441,41.791092841261616],[115.68237593010508,41.848298651861285],[115.9010189152907,41.93663951330285]],[[118.26320031134526,41.752335517170366],[118.19974165305484,41.7976557482142]],[[118.19974165305484,41.7976557482142],[118.16806399985364,41.790110989330685],[118.15705691944129,41.770422268472885],[118.15938235940837,41.71913340877978],[118.23121259978166,41.59942495429817],[118.30929568874501,41.57782420552263],[118.29472293491551,41.46062205726213],[118.33937137329019,41.43313019510242],[118.34247195781461,41.36584748007709],[118.35890506361773,41.32262014410435],[118.4065507346287,41.309623521408355]],[[115.28281375505071,41.62402293570989],[115.34131147684309,41.615858059202026]],[[115.22586632686944,41.58583405239955],[115.25036095639302,41.591415107421255],[115.28281375505071,41.62402293570989]],[[115.09739871577801,41.61616811846386],[115.22586632686944,41.58583405239955]],[[114.888987664649,41.610044461082964],[115.09739871577801,41.61616811846386]],[[118.80890343584485,41.382849025761914],[118.86714277611816,41.33654694278715],[119.15265506427977,41.31220734289451]],[[118.7088578629,41.34228302743975],[118.80890343584485,41.382849025761914]],[[118.47843265184531,41.355098782083076],[118.7088578629,41.34228302743975]],[[118.4065507346287,41.309623521408355],[118.42226037002001,41.342593084902944],[118.47843265184531,41.355098782083076]],[[119.227585890976,41.3243513048688],[119.2392130881135,41.314842841224106],[119.2309965347622,41.273398341959876]],[[119.15265506427977,41.31220734289451],[119.227585890976,41.3243513048688]],[[113.91586876772942,41.16270742380851],[113.95679650305613,41.15286306427896]],[[113.86222863234548,41.08671723081551],[113.87866173724933,41.09387441697072],[113.89437137264065,41.15185537392637],[113.91586876772942,41.16270742380851]],[[113.82838056790888,41.09485626890165],[113.86222863234548,41.08671723081551]],[[114.15409712098528,40.74257803055167],[114.11590823767494,40.78689057124285],[114.05244957938453,40.820506089884134],[114.04438805476491,40.87585154940945],[114.0186015158472,40.923600572308544],[113.9694055521245,40.95228099197419],[113.91245812394322,41.02465383650531],[113.82853559843909,41.08121369105896],[113.82838056790888,41.09485626890165]],[[108.51836876790429,32.19756989203688],[108.38897098172538,32.18428904940009],[108.36116906120316,32.167184150028504],[108.41455081596735,32.10969411948798],[108.4168762550351,32.089333604162505],[108.3447359562993,32.073546454405346],[108.26019331317082,31.954638983802056],[108.27135542231485,31.93213389746137],[108.48085167906169,31.810823473424534],[108.51480309538653,31.766149197527398],[108.5161983575681,31.708271593359314],[108.44963911295463,31.6529002963116],[108.4067993506095,31.566032213216033],[108.35233239112688,31.51740469027419],[108.3231868843672,31.499369614915793],[108.2322363630177,31.481282864512593],[108.1924971860962,31.377929998770412],[108.19404747880805,31.330930283805515],[108.17590905156146,31.306125596818845],[108.03736453694376,31.229799506142285],[108.04356570779112,31.18571950944778],[108.00677208936037,31.038622544694647],[107.93292646738252,30.956379503111577],[107.95152998262256,30.925657864318964],[107.94920454265548,30.899923001345428],[107.84988244012249,30.809618435142625],[107.81153852718126,30.798017076426902]],[[107.81153852718126,30.798017076426902],[107.7799125508235,30.814243475755802],[107.72151818181857,30.889225979295475]],[[107.72151818181857,30.889225979295475],[107.66508751757482,30.845714423381935],[107.62085249214874,30.837368678821463]],[[107.62085249214874,30.837368678821463],[107.55894412567079,30.842949733843113]],[[107.55894412567079,30.842949733843113],[107.50757775341054,30.821994941113644],[107.45667646734506,30.760861720991613],[107.45218061704179,30.71993398746355],[107.48835411964689,30.657793076988867],[107.47760542165287,30.60950145083126],[107.41652387927354,30.526741645310665],[107.37213382421658,30.499869899875932],[107.26707563703098,30.325875352165724],[107.22873172408976,30.238154609247772],[107.18496178575776,30.209732571101256],[107.04734744712692,30.06816498542571],[107.01820193856855,30.05428986268697]],[[106.25070356661627,30.218956813905834],[106.19065555211199,30.26373444348974],[106.16424889467072,30.316030991736852],[106.12471642512287,30.342334296390618],[105.99883263641698,30.385122381892415],[105.90498823431949,30.397369697553472],[105.85341515468559,30.42987417215528],[105.8152779482187,30.437677314356563]],[[105.8152779482187,30.437677314356563],[105.79171349468197,30.42336294204614],[105.72825483639156,30.329596056113076],[105.73445600813824,30.28711802807453],[105.71657596241067,30.27184764315416]],[[106.79191084171191,30.036332301694358],[106.71729007427746,30.05927663850605],[106.68550906828881,30.13369070126481],[106.63972374925157,30.197381904451333],[106.61781294211352,30.268695379987776],[106.53854129384558,30.341119900463013]],[[106.53854129384558,30.341119900463013],[106.50174767541483,30.312646186372376]],[[106.50174767541483,30.312646186372376],[106.44867597901316,30.3238858098822]],[[106.44867597901316,30.3238858098822],[106.42759199417515,30.315204169436868],[106.40831668536669,30.271925157520002],[106.30486046773638,30.262881781868714],[106.25070356661627,30.218956813905834]],[[105.71657596241067,30.27184764315416],[105.65373742084523,30.28145945868704]],[[105.65373742084523,30.28145945868704],[105.62676232262305,30.266602484916746],[105.65141198087815,30.22908539517482],[105.64831139455515,30.213918362142692],[105.57043501206613,30.18898448304742],[105.55286502470108,30.15777191783974],[105.5775663589003,30.128807278233296],[105.73890018069875,30.032637437068047],[105.7499589379546,30.0112950707109],[105.71301028899359,29.956828111228333],[105.71657596241067,29.873267320030777],[105.56774783689309,29.81683665578703],[105.55270999596951,29.78908641210819],[105.54836917529718,29.736634833330868],[105.5351916854479,29.7299685744901]],[[107.01820193856855,30.05428986268697],[106.95934248336886,30.064030870328395]],[[106.95934248336886,30.064030870328395],[106.885496861391,30.051654365256752]],[[106.885496861391,30.051654365256752],[106.84994347461162,30.05390228905935]],[[106.84994347461162,30.05390228905935],[106.79191084171191,30.036332301694358]],[[105.5351916854479,29.7299685744901],[105.49452233343891,29.731751410299353]],[[105.49452233343891,29.731751410299353],[105.44610151607208,29.696146349374487]],[[105.44610151607208,29.696146349374487],[105.41168501175383,29.70317434342121]],[[105.41168501175383,29.70317434342121],[105.304611443863,29.607469591148686],[105.28631798698547,29.56979747177587],[105.29262251241897,29.510472926784132],[105.32083784409122,29.464041653499464],[105.40517378074532,29.429961045965456],[105.41587080279527,29.338442083835105],[105.50583947131452,29.291468207291928],[105.55767093336686,29.287024033832097]],[[105.69471683121674,29.304929917981326],[105.70804935069691,29.290951443354402],[105.70308841419893,29.20359243384371],[105.73383589141321,29.1540864117585],[105.72401736940606,29.11765452673501],[105.74014041504807,29.07122325345034],[105.74267256059017,29.00024567289944],[105.79512413936749,28.93652863219063],[105.85563724186517,28.91663320575782]],[[105.65389244957686,29.268885605686137],[105.69471683121674,29.304929917981326]],[[105.58872846894366,29.288703517753106],[105.65389244957686,29.268885605686137]],[[105.55767093336686,29.287024033832097],[105.58872846894366,29.288703517753106]],[[106.0003829282295,28.974433295560118],[106.12512983627289,28.91609060339863]],[[105.85563724186517,28.91663320575782],[106.0003829282295,28.974433295560118]],[[106.15556725512471,28.918493556832175],[106.22724246586705,28.89678945616845],[106.26031538304846,28.869323432430463],[106.25736982635635,28.793850003374928],[106.28201948371213,28.702666938028756],[106.38242679186288,28.572494005493922]],[[106.12512983627289,28.91609060339863],[106.15556725512471,28.918493556832175]],[[97.83803877187177,32.511581732710795],[97.7157206556837,32.54418956099943]],[[98.09094323084537,32.40182099144556],[98.01415205307472,32.46450450338011],[97.88682132444455,32.49762909650559],[97.85648725838024,32.519126492493626]],[[97.85648725838024,32.519126492493626],[97.83803877187177,32.511581732710795]],[[98.76780114071005,31.230367946923195],[98.88495161302649,31.354081326192215],[98.59215294839981,31.598820909557332],[98.5690535828565,31.631842148995986],[98.5587182960125,31.677110704095696],[98.50151248631215,31.749767768567665],[98.4685429219183,31.766872667039934],[98.42565148272968,31.81340729401137],[98.4352633000612,31.838418687472426],[98.41903689983303,31.879889024259057],[98.4449784692809,31.908001004043058],[98.45298831615781,31.984094549823624],[98.39350874243445,32.04013764133907],[98.37469852072013,32.08041941972044],[98.309586216031,32.12871104587805],[98.22018598829271,32.252191881150395],[98.20576826409405,32.355648097881385],[98.11373253802617,32.40244110817059]],[[98.11373253802617,32.40244110817059],[98.09094323084537,32.40182099144556]],[[98.66522342312243,31.320569159439117],[98.72392784959055,31.28519664251104],[98.76780114071005,31.230367946923195]],[[99.10881391802786,29.223772081116635],[99.0625118350531,29.3082888858234],[99.041996290996,29.56245941846737],[98.98675418515745,29.650903631797178],[99.00101687972517,29.757047023701148],[99.01471113531062,29.76792491290439],[99.00101687972517,29.784978136331915],[99.005461053185,29.8200922708416],[99.05631066330642,29.91533193602004],[99.03677697118025,29.975612494520988],[99.03408979690658,30.055323391461343],[98.98675418515745,30.144361883993724],[98.96070926292208,30.459975694222862],[98.93275231276897,30.490697333015476],[98.93182213678216,30.579554959293944],[98.90536380429609,30.66381338158226],[98.90546715708359,30.682494412087408],[98.95326785682607,30.708229275061],[98.96070926292208,30.727194526406265],[98.95430138470113,30.74786509919494],[98.89859419086918,30.77871592919678],[98.78769656804212,30.880880234735002],[98.77508751807449,30.90222260199147],[98.79803185398686,30.940902410817557],[98.8030444682276,30.990976874583055],[98.72620161271419,31.059732367055062],[98.69312869733147,31.124741318956694],[98.65158084527974,31.155462957749307],[98.60378014463794,31.16975149253733],[98.62026492728455,31.187941595728034],[98.61137658126415,31.256180325161836],[98.62119510327136,31.288917345559014],[98.66522342312243,31.320569159439117]],[[99.10881391802786,29.223772081116635],[99.10405968620552,29.092281398967373],[99.1210612327896,28.96466644949703],[99.09661828010951,28.835940456886533],[99.12457523026262,28.749666652993596],[99.1177022640482,28.70871308014449],[99.1307764020093,28.66463308434936],[99.1543408546467,28.64073273402846],[99.1723759300051,28.592647813445808],[99.16550296379069,28.554768989397303],[99.18048912966958,28.504772039997647],[99.16255740799795,28.43816111944011],[99.22694624227523,28.339407456788706],[99.27366173729928,28.307316393336862],[99.27474694201771,28.277318224056785],[99.38151045064672,28.18453318915533],[99.3989254092802,28.12650055625562]],[[99.71280805874488,28.845810654837805],[99.73234174997174,28.745015773958755],[99.75497602662227,28.716929633495795],[99.82840823834948,28.672565415961174],[99.84561648960926,28.603809923489166],[99.9450936217732,28.55972992589534],[100.00095584523604,28.45619619389919],[100.06834191304881,28.38400421832],[100.14306603417009,28.34157786712484],[100.14916385312927,28.2776282824193],[100.16823245636272,28.260342515894365],[100.16203128461603,28.236261298420175],[100.03464887914242,28.17871959103627],[100.02917117690822,28.144897365920656],[100.07206261609679,28.044179999407447],[100.15955081591738,27.964391588101307],[100.20208051990005,27.898788356997045],[100.28807010295287,27.864371853578177],[100.2997489769337,27.83217743643951],[100.29747521381,27.761070665578757],[100.32062625529738,27.73313955294799]],[[99.3989254092802,28.12650055625562],[99.41644371890249,28.254761460872714],[99.38864179927958,28.334317328182124],[99.39799523329333,28.456557929105145],[99.37112348785865,28.50076711700882],[99.37344892782573,28.518931383576444],[99.39313764868348,28.54278005615464],[99.50289839084803,28.5793669699097],[99.52165693571897,28.610166123967417],[99.54134565567745,28.696026515811013],[99.59085167776266,28.740829982917376],[99.61524295539806,28.80506378846303],[99.71280805874488,28.845810654837805]],[[103.86661136342366,28.67520091429077],[103.87818688371766,28.630552476815353]],[[103.72227908730997,28.21553904878806],[103.88030561721041,28.325739041423617],[103.85979007405263,28.400850735273195],[103.79524621014446,28.531178697438918],[103.83669070761005,28.604920965729946],[103.85105675676385,28.668121243400662],[103.86661136342366,28.67520091429077]],[[104.24834516779521,28.661997586019766],[104.27532026601745,28.63892405889817],[104.31201053256001,28.630552476815353]],[[104.09217898986844,28.61272410703191],[104.14018639518594,28.633420519141623],[104.23253217961633,28.63969920525409],[104.24834516779521,28.661997586019766]],[[104.3634802594064,28.64726980255932],[104.42895429930144,28.63453156228178],[104.44574913941119,28.614429430273958],[104.37154178312676,28.56518178970782]],[[104.31201053256001,28.630552476815353],[104.3634802594064,28.64726980255932]],[[104.04784061075554,28.633601386294913],[104.09217898986844,28.61272410703191]],[[103.97306481279082,28.61311168155885],[104.04784061075554,28.633601386294913]],[[103.90883100814449,28.633601386294913],[103.97306481279082,28.61311168155885]],[[103.87818688371766,28.630552476815353],[103.90883100814449,28.633601386294913]],[[104.37154178312676,28.56518178970782],[104.34441165617295,28.571615505451177]],[[104.34441165617295,28.571615505451177],[104.26214277526884,28.545027980856617],[104.250050490138,28.530791123811298],[104.26353803924906,28.345996202163008],[104.29413048683244,28.310494493126328],[104.3765027196248,28.282304998976485],[104.417327102164,28.239310207899734],[104.42321821464884,28.220034898191955],[104.40585493375812,28.18778880510922],[104.44461225784937,28.09988719323934],[104.42786909368368,28.075340887771745],[104.3338179869105,28.0467379833712],[104.32844363836318,28.023070177047032],[104.37536583896224,27.961678575405926],[104.4824910827972,27.89098521569514],[104.60475752214188,27.845845851804597]],[[103.6437825871966,28.270496934685752],[103.72227908730997,28.21553904878806]],[[103.4566622246819,28.037203681304845],[103.44121097170893,28.042397161799556],[103.43464806475635,28.068157864094132],[103.45676557836873,28.10531321952942],[103.45511193197007,28.133941962351685],[103.53841434074917,28.18450735073361],[103.57179731719242,28.243185940578655],[103.61277672666455,28.250007229050368],[103.6437825871966,28.270496934685752]],[[105.05573774629988,28.088130804892728],[105.17190636578613,28.061672472406656],[105.18591067883472,28.047978216821207],[105.191646762588,28.009660143201017],[105.21521121612466,27.999428209144526]],[[104.77342939724883,27.8724850532426],[104.8879960471798,27.89576528593915],[104.95021447112089,27.937571519510016],[104.95248823424458,28.00043589949712],[104.97191857268393,28.056065578963285],[105.01739383335865,28.085236925044057],[105.05573774629988,28.088130804892728]],[[103.5142297713868,27.971445421469014],[103.48921837792574,28.037746282764715],[103.47480065282781,28.039865017156785]],[[103.47480065282781,28.039865017156785],[103.4566622246819,28.037203681304845]],[[105.26564741419679,28.008058172746473],[105.28239057836248,28.000745957859635],[105.27370893791709,27.932920641374494],[105.22813032355555,27.855793565020974],[105.27696455297172,27.787399806855603],[105.2699882339698,27.75897776870903],[105.29696333219198,27.721744899807277]],[[105.21521121612466,27.999428209144526],[105.26564741419679,28.008058172746473]],[[103.10660607261212,27.408508206388603],[103.14722374867699,27.43442393651543],[103.16045291536972,27.497184962815766],[103.21812381396279,27.566870632173902],[103.2962069029262,27.58785126422447],[103.30483686742747,27.605111192327627],[103.28442467705713,27.6405095485768],[103.45170128818387,27.759985459961],[103.45883263591736,27.792644965093018],[103.47691938721988,27.799983018401576],[103.50854536267832,27.864526882309747],[103.5112325378513,27.93013011341401],[103.5630123230602,27.975527858823625],[103.56022179599904,27.987930203216308]],[[103.56022179599904,27.987930203216308],[103.5142297713868,27.971445421469014]],[[100.62541385316678,27.897263901807605],[100.6609155622034,27.875094713150474],[100.87211714129302,27.561987210041707],[100.87118696530615,27.48532522258091],[100.92658409987627,27.450676174265993],[100.97795047393521,27.373652452498675],[101.00384036743895,27.197513332873996],[101.02600955609608,27.176894436029386]],[[100.53260298074292,27.81626109547318],[100.55926801970332,27.82452932386917],[100.62541385316678,27.897263901807605]],[[104.71462161709388,27.884344794376716],[104.77342939724883,27.8724850532426]],[[104.60475752214188,27.845845851804597],[104.71462161709388,27.884344794376716]],[[100.44862877839535,27.849282334911834],[100.53260298074292,27.81626109547318]],[[100.32062625529738,27.73313955294799],[100.34915164623146,27.746730454846613],[100.41870812438037,27.83744843219938],[100.44862877839535,27.849282334911834]],[[102.95483239130175,27.42078135777342],[102.99152265784431,27.386028958469637]],[[102.95142174661629,26.345136420109668],[102.97183393788589,26.350898342284665],[102.99953250472129,26.383221951531823],[102.99581180167326,26.485412096391144],[103.03901330012366,26.506237697911388],[103.05792687372622,26.557242336764432],[103.03053836525334,26.601787421452343],[103.02945315963558,26.661861274378282],[102.97529625941479,26.831127427788545],[102.90134728375011,26.924739284989982],[102.89959028456394,27.003054917950067],[102.87819624226273,27.031967882511765],[102.91566165606054,27.134442247311824],[102.8894617050936,27.291486925281333],[102.95483239130175,27.42078135777342]],[[103.09265343640692,27.413960069301766],[103.10660607261212,27.408508206388603]],[[102.99152265784431,27.386028958469637],[103.09265343640692,27.413960069301766]],[[101.09944176602465,27.205238958910797],[101.1728223000091,27.19105377870892],[101.1414547060698,27.044861152420253],[101.16119510287166,27.016775011057916],[101.35033084519233,26.863166816195587],[101.37565229701585,26.760950832914602],[101.40944868370974,26.72945404686675]],[[101.02600955609608,27.176894436029386],[101.09944176602465,27.205238958910797]],[[101.48055545457055,26.787124946359143],[101.50287967285857,26.766428534249428],[101.49869388181713,26.717025864951665],[101.41244591724524,26.56967051778014],[101.45120324133649,26.530628973748094],[101.50768558062498,26.518226630254787],[101.54416914339123,26.4949722359799],[101.58173790907722,26.455129706270895],[101.60809288877573,26.396916205318576],[101.64374962834262,26.368442491227995],[101.6436462746558,26.349477239882674],[101.57300459178845,26.293615017319155],[101.57672529483642,26.22858022699586],[101.61429406142173,26.205713406348593]],[[101.40944868370974,26.72945404686675],[101.43027428612936,26.733433132333175],[101.4586446474325,26.782706611321032],[101.48055545457055,26.787124946359143]],[[102.56813764863352,26.378648586862766],[102.62648034079507,26.345136420109668],[102.60994388220433,26.26020620425288],[102.68110232990858,26.221603908893258]],[[102.0955049988566,26.082801011857214],[102.11255822138475,26.08442881893484],[102.14568281540954,26.132152004311536],[102.2224223163368,26.186851507790834],[102.25208458883264,26.228864447835974],[102.33859093582299,26.251240342967435],[102.40055097914433,26.31180512140918],[102.50292199115694,26.33766917649126],[102.56813764863352,26.378648586862766]],[[102.87819624226273,26.3650576849642],[102.95142174661629,26.345136420109668]],[[102.68110232990858,26.221603908893258],[102.711126336711,26.22901947746692],[102.76698856017384,26.293408310844825],[102.84553673713066,26.327204698438038],[102.87819624226273,26.3650576849642]],[[101.65992435082808,26.2339804139649],[101.76885826979327,26.171245226086285],[101.7806404965616,26.091844387508445],[101.84952518114216,26.034845282483786]],[[101.61429406142173,26.205713406348593],[101.65992435082808,26.2339804139649]],[[101.92156212798977,26.098872382454488],[102.0955049988566,26.082801011857214]],[[101.84952518114216,26.034845282483786],[101.92156212798977,26.098872382454488]],[[107.49610558500473,29.246096300303975],[107.55723880422738,29.186823432155677],[107.69257937973452,29.14269175951705]],[[107.27017622335399,28.804753730100572],[107.29699629104596,28.80837108036104],[107.45419599774704,28.893663032323047],[107.46882042841997,28.959317939371374],[107.49967125932113,29.003062039281645],[107.4284611347735,29.067114976774747],[107.41724734878608,29.137808336485534],[107.44380903495897,29.206822211375936],[107.49610558500473,29.246096300303975]],[[107.7658048849874,29.150417385553908],[107.78626875220112,29.126594550498112],[107.78983442561821,29.04019155539595],[107.82910851364693,28.992235826022522],[107.86290490124014,28.981926378499566]],[[107.69257937973452,29.14269175951705],[107.7658048849874,29.150417385553908]],[[108.29321455260947,29.077243557144413],[108.3015344578489,29.005981757552036],[108.34055016525787,28.919656276815715],[108.34179039870787,28.859530747945655],[108.37594852060772,28.794366767312454],[108.32065473792579,28.73974477819894],[108.33031823120137,28.689153551395236],[108.40612755704109,28.65843191170336],[108.50953209782801,28.63724457407784]],[[108.16614220639764,29.06039704019122],[108.29321455260947,29.077243557144413]],[[108.0545727891029,29.06450531686687],[108.16614220639764,29.06039704019122]],[[107.86290490124014,28.981926378499566],[108.0545727891029,29.06450531686687]],[[107.11917768839953,28.90066518794805],[107.16108727385858,28.881338202296206],[107.22888675282132,28.820153307129374],[107.27017622335399,28.804753730100572]],[[106.95949751210048,28.790956121727618],[107.01551476429489,28.87986542395015],[107.11917768839953,28.90066518794805]],[[106.4763228699045,28.83475189938065],[106.56241580574482,28.76713328757114],[106.62773481690823,28.648355007277758],[106.59486860620115,28.57820425082548],[106.55435428292378,28.527690538387617],[106.56241580574482,28.510740667747598]],[[106.47446251793082,28.53681142840469],[106.49167077008991,28.55585419411574],[106.4832991880071,28.605747788929307],[106.52221154172923,28.67266876874868],[106.51435672358389,28.709591580187237],[106.46299035042426,28.799947822334104],[106.46112999934996,28.819378159874134],[106.4763228699045,28.83475189938065]],[[106.91154178272706,28.810567328219577],[106.95949751210048,28.790956121727618]],[[106.80322798138621,28.588306992773482],[106.82896284435975,28.60869334652068],[106.84560265483861,28.646727200200132],[106.83723107275574,28.751191108183093],[106.84916832915502,28.773024400055988],[106.91154178272706,28.810567328219577]],[[108.53046105393446,28.646339627471832],[108.58384280779927,28.595619208559583],[108.58275760308089,28.37415985789113],[108.60745893817943,28.33519582822487],[108.6583602233456,28.323930366293325]],[[108.50953209782801,28.63724457407784],[108.53046105393446,28.646339627471832]],[[106.77408247282784,28.593371282958344],[106.80322798138621,28.588306992773482]],[[106.71294925270581,28.480484116948446],[106.74783084501746,28.497563177898314],[106.75361860561412,28.5782559267696],[106.77408247282784,28.593371282958344]],[[106.38242679186288,28.572494005493922],[106.47446251793082,28.53681142840469]],[[106.63021528470756,28.521721909738346],[106.71294925270581,28.480484116948446]],[[106.56241580574482,28.510740667747598],[106.63021528470756,28.521721909738346]],[[109.07947147033207,28.19181956651977],[109.09621463359844,28.21106903690651],[109.08706790605896,28.26127269098191],[109.12355146702652,28.30592112935659],[109.16313561431713,28.44989166936506],[109.25837527859619,28.505908922458786]],[[108.70368045528875,28.485858466395086],[108.78372724811396,28.426094671831606],[108.72848514227547,28.242229926170126],[108.74274783684314,28.214247138494613]],[[108.6583602233456,28.323930366293325],[108.68161461762048,28.343438219098516],[108.66580163034092,28.370361640477313],[108.67014245011393,28.410230006809343],[108.64079023598055,28.45857330981039],[108.6548979018167,28.473456122002403],[108.70368045528875,28.485858466395086]],[[108.77675093001136,28.232204697688644],[108.86098351387801,28.2093637154631]],[[108.74274783684314,28.214247138494613],[108.77675093001136,28.232204697688644]],[[108.89808719336924,28.21631419514398],[108.9629411147406,28.19760732711643]],[[108.86098351387801,28.2093637154631],[108.89808719336924,28.21631419514398]],[[109.02128380690215,28.211559963321633],[109.07947147033207,28.19181956651977]],[[108.9899678889069,28.19742645906382],[109.02128380690215,28.211559963321633]],[[108.97642866385172,28.19820160631906],[108.9899678889069,28.19742645906382]],[[108.9629411147406,28.19760732711643],[108.97642866385172,28.19820160631906]],[[109.45670942619904,26.038850206371933],[109.38704959526257,25.981256822144587],[109.38549930165141,25.960095322940788],[109.40332767143485,25.934618842385646],[109.3980049988316,25.913198960763395],[109.3556303235805,25.875966090962322],[109.3004398945854,25.743054308209764],[109.25604983862911,25.72827484790588]],[[109.25604983862911,25.72827484790588],[109.22860965421211,25.738351752331482],[109.16670128773421,25.80943268477057]],[[109.16670128773421,25.80943268477057],[109.15739952966453,25.757575385195878],[109.13858930884948,25.7479894071854]],[[109.13858930884948,25.7479894071854],[109.11843549999827,25.756412665212338],[109.10417280543061,25.795970974081172],[109.08536258281691,25.805427760882424]],[[109.08536258281691,25.805427760882424],[108.92650923061643,25.76028839789126],[108.86408410020101,25.697113959541582],[108.86222374912666,25.66528127670955],[108.87834679566805,25.650346788573415]],[[109.03492638564416,25.721065985806604],[109.04422814281452,25.709102891884925],[109.0237642756008,25.61076264128286],[109.0414376157533,25.543350735048364],[108.99348188727924,25.51154389153737]],[[108.87834679566805,25.650346788573415],[109.03492638564416,25.721065985806604]],[[108.78171186740872,25.521362413544523],[108.76476199766802,25.53521169696222],[108.77241010933903,25.58722402616786],[108.74538333517273,25.613398138713137]],[[108.74538333517273,25.613398138713137],[108.69463707873814,25.602003486471688],[108.65960045769492,25.576371975386337],[108.63908491363782,25.537227078566787],[108.65510460829097,25.50417999890783],[108.60105105995842,25.483380234909873],[108.57283572828618,25.458110459929742],[108.5678747899895,25.415864975887928],[108.6040482925946,25.36594554355196],[108.59846723757289,25.311323554438445]],[[107.49889611206589,25.2141201853982],[107.46644331340815,25.22641917610406],[107.47915571526403,25.276131903764337],[107.42096805183411,25.30718943934113],[107.40096927261379,25.38328298602096],[107.31999230290239,25.415477403159628],[107.31301598479979,25.435889594429227],[107.3262968283359,25.47565460887307],[107.23260745586936,25.561540839138388]],[[107.23260745586936,25.561540839138388],[107.19276492705967,25.536219387314873],[107.12878950393241,25.523326117406384]],[[108.99348188727924,25.51154389153737],[108.92805952422759,25.55040456841607]],[[108.92805952422759,25.55040456841607],[108.78171186740872,25.521362413544523]],[[108.35636315343675,25.514877020957726],[108.29336958224036,25.538699856013523]],[[108.29336958224036,25.538699856013523],[108.27848677004835,25.503663234970304],[108.22432986892824,25.476713976069107],[108.19141198137777,25.42961090741744],[108.13415449393472,25.39139618568538],[108.12919355743668,25.26881968797818],[108.1096598653105,25.235798448539526],[108.06775027895219,25.21313833346727],[107.95028974827324,25.20448253054434],[107.86187137336515,25.145958971229504]],[[107.12878950393241,25.523326117406384],[107.08956709184775,25.52844208443463]],[[107.08956709184775,25.52844208443463],[107.02812381426259,25.502758897405158],[107.00249230317723,25.459402371122508],[106.97458702986751,25.440437119777243],[106.98032311362073,25.398036607003803],[107.01551476429489,25.341941840443553],[106.99551598507463,25.255383815710502],[106.97065962124447,25.234713242921828]],[[108.59846723757289,25.311323554438445],[108.57485110899142,25.32726573292723],[108.49604454961622,25.447387600357445],[108.42111372291993,25.508701686733446],[108.37284793518404,25.515833035366256]],[[108.37284793518404,25.515833035366256],[108.35636315343675,25.514877020957726]],[[107.68617150331221,25.202441311417374],[107.67299401166429,25.210580349503516],[107.67454430527545,25.234273993350087],[107.6434867696986,25.261946723562403],[107.64090294821244,25.31277049436278]],[[107.64090294821244,25.31277049436278],[107.60814009029286,25.269543158390036],[107.56483523995433,25.258716946030233],[107.49889611206589,25.2141201853982]],[[106.97065962124447,25.234713242921828],[106.94476972864004,25.256236477331527]],[[106.94476972864004,25.256236477331527],[106.90926801960336,25.248355820764516],[106.88596194938441,25.19696360918317],[106.666802199362,25.173502509333332],[106.5871171408433,25.104359443233704],[106.50453820157668,25.071389878839796],[106.45668582589013,25.036094876277502],[106.3065657900791,24.98147288716399],[106.22739749639732,24.98147288716399],[106.18600467307715,24.95932953512994]],[[107.86187137336515,25.145958971229504],[107.77603681814458,25.152986965276227],[107.75769168532298,25.21120046622849],[107.73939822844545,25.227349351191606]],[[107.73939822844545,25.227349351191606],[107.68617150331221,25.202441311417374]],[[105.28941857330847,24.933181261006382],[105.26719770690863,24.938219712769524],[105.24895592687449,24.971008409110766],[105.18870120589588,25.008783881271086]],[[105.18870120589588,25.008783881271086],[105.16374149017759,24.978837388834393],[105.10007612541284,24.954316920889198],[105.04808963372955,24.895379950424342],[105.01248457190542,24.797478949393962],[104.88964969267914,24.765387885042855],[104.84107384568136,24.694952907750462],[104.78097415613234,24.679630845986708],[104.729349399655,24.631390895773222]],[[106.18600467307715,24.95932953512994],[106.16765954025556,24.964626370210794]],[[106.16765954025556,24.964626370210794],[106.15572228385628,24.960363063904254],[106.19871707583235,24.876802272706698],[106.19944054624415,24.82985423368592],[106.17618615107,24.78223440199605],[106.05950076674696,24.693480129404406],[106.02074344265571,24.64190704977051]],[[105.54216800265118,24.81016551372744],[105.47907107956661,24.837243963837864],[105.45809044841542,24.8664411483403],[105.44439619282997,24.923621121417625],[105.38073082896454,24.957107448849683]],[[105.38073082896454,24.957107448849683],[105.28941857330847,24.933181261006382]],[[105.65508100798206,24.78070994680661],[105.58025353407328,24.812413438429417]],[[105.58025353407328,24.812413438429417],[105.54216800265118,24.81016551372744]],[[105.8056661317865,24.70712270814647],[105.67533816872145,24.789675808092056]],[[105.67533816872145,24.789675808092056],[105.65508100798206,24.78070994680661]],[[104.729349399655,24.631390895773222],[104.69524295459865,24.6617766377816],[104.63033735638385,24.682912299463055],[104.55602664641253,24.745363268300196]],[[104.55602664641253,24.745363268300196],[104.53985192302781,24.74177175556207]],[[106.02074344265571,24.64190704977051],[105.91646040182604,24.728723456022635],[105.87083011331902,24.73443370225351]],[[105.87083011331902,24.73443370225351],[105.8056661317865,24.70712270814647]],[[105.29696333219198,27.721744899807277],[105.27773969932764,27.638106594243936],[105.24611372296988,27.582502753199492],[105.24471845898967,27.530748806412248],[105.22156741660297,27.4947561709605],[105.2193970071661,27.451451321521233],[105.18591067883472,27.39316030530381]],[[104.52223025881932,27.31786774340162],[104.44368208186256,27.347219957535003],[104.36099978980843,27.447007148061402]],[[104.36099978980843,27.447007148061402],[104.25268598756821,27.359157213034962],[104.24508955274064,27.301382962553646],[104.17434451708573,27.271513984482795]],[[105.18591067883472,27.39316030530381],[105.08255781489117,27.412513129377373]],[[105.08255781489117,27.412513129377373],[104.85631839397865,27.306808987045088]],[[104.17434451708573,27.271513984482795],[103.96841393375598,27.40168691701757]],[[103.96841393375598,27.40168691701757],[103.90169966041094,27.383238430509152],[103.81850060441934,27.271849880367654],[103.69540734277462,27.15170217541504],[103.60280317592577,27.08790762034039],[103.59742882737845,27.063800564444477],[103.63711632655719,27.01842865745658]],[[104.85631839397865,27.306808987045088],[104.78340294798761,27.332207953234445]],[[104.78340294798761,27.332207953234445],[104.74257856724705,27.31957306574435]],[[104.74257856724705,27.31957306574435],[104.6903853699888,27.329159043754828]],[[104.6903853699888,27.329159043754828],[104.59421552882355,27.31378530514769]],[[104.59421552882355,27.31378530514769],[104.54827518105469,27.321226712143016]],[[104.54827518105469,27.321226712143016],[104.52223025881932,27.31786774340162]],[[103.70088504410944,27.05243174882611],[103.74899580311376,27.005147813021154],[103.78015669237743,26.949828192816824],[103.77643598843008,26.87479401333303],[103.73271772694153,26.86055715628771],[103.71566450441333,26.8260114607603],[103.73101240369942,26.74681732775747],[103.74310468972959,26.734983425045016]],[[103.63711632655719,27.01842865745658],[103.70088504410944,27.05243174882611]],[[103.76589399601107,26.741158759269297],[103.77509240129325,26.731701972468045],[103.75783247319004,26.62943431234362],[103.77571251801822,26.590806179461595],[103.82924930241336,26.547113756394708],[103.91580732624709,26.517787379783726]],[[103.74310468972959,26.734983425045016],[103.76589399601107,26.741158759269297]],[[104.4050797874022,26.719015408134567],[104.43670576375996,26.704778551089248],[104.46202721558348,26.65819224727437],[104.46621300662491,26.61346629543317],[104.49597863190832,26.587705593138594]],[[104.231291945267,26.62501597730551],[104.34611697761636,26.638038438423166],[104.4050797874022,26.719015408134567]],[[104.15336388593454,26.65124176669417],[104.231291945267,26.62501597730551]],[[104.02040042543922,26.51419586794492],[104.04458499570097,26.52807098978434],[104.0767277359962,26.595999660855625],[104.1109892106835,26.63447276500608],[104.15336388593454,26.65124176669417]],[[104.531532016889,26.593545030578696],[104.56755048986315,26.578067939184052],[104.58150312696768,26.539439806302028],[104.62651329964899,26.49765941025356],[104.67679446809018,26.380353909205553],[104.54517459473169,26.27041229898839],[104.53504601436202,26.19775523541574],[104.50455691866682,26.155432237008085],[104.5169592630595,26.10755402289982],[104.49897586544381,26.030788683550895],[104.46342247866443,25.98151520456304],[104.39004194467998,25.943610541193493],[104.418567335614,25.902191881250303],[104.42058271721856,25.856923326150536],[104.38849165196814,25.771528022300345],[104.36099978980843,25.74969472952813]],[[104.49597863190832,26.587705593138594],[104.531532016889,26.593545030578696]],[[103.9964742366966,26.518485011773862],[104.02040042543922,26.51419586794492]],[[103.91580732624709,26.517787379783726],[103.9964742366966,26.518485011773862]],[[104.36099978980843,25.74969472952813],[104.31304406133432,25.767109687262234]],[[104.31304406133432,25.767109687262234],[104.29862633713572,25.75450063729454],[104.308703240662,25.65238800680106],[104.34994103435122,25.614173285069057],[104.42244306829292,25.579265855235008],[104.43345014870533,25.50066600233413],[104.46807335769927,25.49110586184605]],[[104.53504601436202,25.50805573248607],[104.55354617681456,25.484542954893413],[104.56584516841974,25.38119009005061],[104.61235395696951,25.356127021544808],[104.6769494968218,25.29029124644387],[104.77823530501524,25.261740017088073],[104.78944909100272,25.244480088984915],[104.76779666538374,25.219933783517263],[104.71973758322287,25.210942083810096],[104.7174121441551,25.159446519441303],[104.6876465188717,25.087409573493005],[104.7048547710308,25.00873220532702],[104.55220258967773,24.833549099211552],[104.53985192302781,24.74177175556207]],[[104.46807335769927,25.49110586184605],[104.53504601436202,25.50805573248607]],[[106.31416222490674,28.471027330147137],[106.29969282386469,28.48301626249048],[106.28729048127065,28.545027980856617],[106.179286737393,28.590477403109674],[106.15370690315103,28.623601996235095],[106.07831098756196,28.669258124063163],[105.975268181981,28.755221868694264]],[[105.975268181981,28.755221868694264],[105.92374677919048,28.69346853274658],[105.89191409725771,28.609313463245712],[105.86819461498942,28.60349986422733]],[[105.77321333222943,28.58884959603199],[105.71998660709619,28.604197496217466]],[[105.71998660709619,28.604197496217466],[105.6831929868668,28.58344940816363],[105.6580782406183,28.524589952064616],[105.6188041516902,28.491465358939138],[105.65575280155053,28.441106676132165],[105.65218712813339,28.33116506591506],[105.71037478976467,28.301761175837555]],[[105.86819461498942,28.60349986422733],[105.84090945840472,28.60386159943323]],[[105.84090945840472,28.60386159943323],[105.77321333222943,28.58884959603199]],[[106.38242679186288,28.572494005493922],[106.37214318186233,28.52278127693438],[106.33865685443027,28.48012238174249],[106.31416222490674,28.471027330147137]],[[105.74778852671909,28.305688585359917],[105.87377566911181,28.252280992174008],[105.87563602108548,28.174223740733055],[105.90622846866887,28.15058177283055]],[[105.71037478976467,28.301761175837555],[105.74778852671909,28.305688585359917]],[[106.10942020088152,28.174714667148123],[106.18145714682981,28.14174510275427],[106.20073245563827,28.1207644725024],[106.21096438969477,28.060871486729695],[106.29896935435215,28.00043589949712],[106.31090660985211,27.92571177837584],[106.34485802617695,27.845096543870397],[106.33974205914865,27.828379218126372],[106.28574018765948,27.795900580147645],[106.20677859865339,27.767349351691223]],[[106.00162316257882,28.139678046104905],[106.10942020088152,28.174714667148123]],[[105.9452958520219,28.156498725535755],[106.00162316257882,28.139678046104905]],[[105.90622846866887,28.15058177283055],[105.9452958520219,28.156498725535755]],[[106.20677859865339,27.767349351691223],[106.10358076434073,27.788071601323338]],[[106.10358076434073,27.788071601323338],[106.03919192916413,27.756807359272216],[105.93940473773841,27.749081733235357]],[[105.64691613237358,27.678129991106175],[105.62562544196055,27.68634654445742],[105.59875369742514,27.726344101998677],[105.55348514232543,27.744663398197247],[105.52449466429726,27.774635728156284],[105.47979454997846,27.7838858102819]],[[105.47979454997846,27.7838858102819],[105.36838016231462,27.763706163008976],[105.31422326119451,27.72143484144476]],[[105.93940473773841,27.749081733235357],[105.91532352116354,27.755050360985365]],[[105.91532352116354,27.755050360985365],[105.81853356327326,27.71699066798493]],[[105.31422326119451,27.72143484144476],[105.29696333219198,27.721744899807277]],[[105.81853356327326,27.71699066798493],[105.7715080098867,27.72081472382041]],[[105.7715080098867,27.72081472382041],[105.73972700389805,27.715724596113205],[105.70355350129302,27.688594469159398],[105.64691613237358,27.678129991106175]],[[109.2065954942866,29.104244492888995],[109.28571211112501,29.030269679701917],[109.26767703666587,29.006601874277067],[109.24039188008118,28.8827076278547],[109.24674808235807,28.785530097236176],[109.28106123298949,28.7208828805405],[109.26008060093892,28.69928213086564],[109.25971886573302,28.66401296582569],[109.21321007718325,28.628795478528502],[109.28509199439998,28.58463796656889],[109.25837527859619,28.505908922458786]],[[111.21634362236023,26.282246201700843],[111.00627892483249,26.351285915912285],[110.94726443910253,26.38988821127191]],[[110.94726443910253,26.38988821127191],[110.9297461276816,26.372499091060206],[110.89672488824294,26.282272040122507],[110.72402225082618,26.27431387008903]],[[110.72402225082618,26.27431387008903],[110.69746056465328,26.288809109552744],[110.70087121023812,26.316817734750657],[110.688623894577,26.33232066546634],[110.5770544781816,26.35079499039648]],[[110.5770544781816,26.35079499039648],[110.5516296726712,26.333715929446555],[110.55597049424284,26.301314805833613],[110.53654015490417,26.224859523947828],[110.48455366412026,26.1715552844488],[110.45447798137371,26.16783458140077]],[[111.28481489489144,25.860799058829457],[111.2285909362227,25.892760931971395],[111.19432946243472,25.957511502353952],[111.23169152164638,26.062905585424403],[111.25670291510738,26.21013174138676],[111.27701175269021,26.250232651715464],[111.23716922388053,26.284364936092913]],[[111.23716922388053,26.284364936092913],[111.21634362236023,26.282246201700843]],[[110.05315880713317,26.035594591317306],[110.03362511590632,26.036498927983132],[110.02385826984323,26.057505398455362],[110.06204715405289,26.14992869725154],[109.96722090092379,26.19313019480262],[109.92732669527072,26.197083441847326]],[[109.92732669527072,26.197083441847326],[109.85038048696987,26.057247016036968],[109.77462283707422,26.01376129854509],[109.7808240088209,25.91637706145218],[109.71261111870814,25.89022878732868],[109.67659264483467,25.88906606734514]],[[110.45447798137371,26.16783458140077],[110.43163699824885,26.167989610132395]],[[110.43163699824885,26.167989610132395],[110.39608361236878,26.158713691383753],[110.35283043797426,26.12664846455499],[110.28797651570358,26.005338040518154],[110.23288943859666,25.97748444315249]],[[109.67659264483467,25.88906606734514],[109.65752404160122,25.898626206933898],[109.65375166170975,25.916273709564052],[109.67225182506161,25.985313421976798],[109.6031604349061,26.05267365226723]],[[109.6031604349061,26.05267365226723],[109.55107059133468,26.036240546464057]],[[110.23288943859666,25.97748444315249],[110.18121300707458,26.03916026473439],[110.1382182150985,26.05166596101526]],[[110.1382182150985,26.05166596101526],[110.05315880713317,26.035594591317306]],[[109.55107059133468,26.036240546464057],[109.48792199140672,26.04998647709425]],[[109.48792199140672,26.04998647709425],[109.45670942619904,26.038850206371933]],[[111.03061852382575,24.918014227974197],[111.00627892483249,24.93545502413002],[110.95460249241103,25.025346178283485],[110.99320478687139,25.15076487899597],[111.06146935382759,25.17864431388398],[111.09903812131222,25.21373261177058],[111.11531619658518,25.245229396919115],[111.1130424343608,25.282178045880073],[111.14745893777973,25.303184516352303],[111.17133344877959,25.37237925929537],[111.24957156827321,25.396098741563662],[111.28274783734275,25.430024319466725],[111.32109175028398,25.520303046348488],[111.32574262931882,25.59649994581582],[111.30321170455647,25.647039495776085],[111.31995486872216,25.72504507127303],[111.36625695169693,25.738584296328213],[111.41126712437824,25.802611396298857],[111.4224292344216,25.856949164572256],[111.47612104664893,25.895861518294396],[111.45100630129974,25.90653270102331],[111.45390018114841,25.928650213736375]],[[111.45390018114841,25.928650213736375],[111.40832156768613,25.90785044973842],[111.3424857925852,25.903923041115434]],[[111.3424857925852,25.903923041115434],[111.31737104723601,25.90901316972196]],[[111.31737104723601,25.90901316972196],[111.30310835176897,25.896455797497026],[111.29969770708345,25.86836965613469],[111.28481489489144,25.860799058829457]],[[111.31814619269261,25.11200755490472],[111.27437625525994,25.14766429357229]],[[111.27437625525994,25.14766429357229],[111.17092003762957,25.065033678361544],[111.12575483621669,25.044466458360375],[111.07903934119258,24.944240017362915],[111.03061852382575,24.918014227974197]],[[111.51694542918818,24.64265635770471],[111.42816531817488,24.68102610906766],[111.47441572520552,24.79879669900845],[111.4404126320373,24.854271348843668],[111.44986941883855,24.883907782018525],[111.42863040616828,24.94834829403851],[111.46185835208126,25.01948090332104],[111.41431603385786,25.059762681702352],[111.4232043798782,25.116089993158653],[111.37989953043893,25.135003566761156]],[[111.37989953043893,25.135003566761156],[111.31814619269261,25.11200755490472]],[[111.79703169195898,24.76042694854482],[111.66711714094328,24.779676418931558]],[[111.66711714094328,24.779676418931558],[111.63626631094144,24.759806830021148],[111.61936811714486,24.710688381563557],[111.60489871610281,24.70363454819585]],[[111.99655439706771,24.735673935703574],[111.98709761026646,24.758824978090274],[111.92596439014443,24.774870510265828]],[[111.92596439014443,24.774870510265828],[111.89196129787553,24.76350169554678]],[[111.89196129787553,24.76350169554678],[111.85707970556393,24.76445770905599]],[[111.85707970556393,24.76445770905599],[111.79703169195898,24.76042694854482]],[[111.60489871610281,24.70363454819585],[111.58443484888915,24.705029812176065]],[[111.58443484888915,24.705029812176065],[111.51694542918818,24.64265635770471]],[[113.28293582582762,25.517590032753787],[113.3018494003295,25.471365465044187],[113.35755659416145,25.42436575007929],[113.41605431505457,25.385918484350555],[113.4713480977365,25.376565050336808]],[[112.90807498587185,25.32010854677202],[112.95039798427956,25.352173774500102],[113.06351769428613,25.396899726341303],[113.18640425035585,25.493069565707856],[113.28293582582762,25.517590032753787]],[[113.77329349170122,25.34072744451595],[113.82807051044563,25.35674713826978],[113.88021202996117,25.433486640096362],[113.92754764171025,25.44811106986998]],[[113.5180119159171,25.3875462923275],[113.56953331870761,25.323441677091694]],[[113.4713480977365,25.376565050336808],[113.5180119159171,25.3875462923275]],[[113.69397016838855,25.36323252995726],[113.77329349170122,25.34072744451595]],[[113.56953331870761,25.323441677091694],[113.69397016838855,25.36323252995726]],[[112.87066124891749,25.34413808830209],[112.90807498587185,25.32010854677202]],[[112.9010469909258,25.239880885894138],[112.87608727430825,25.25264496549272],[112.85887902214915,25.28385752980114],[112.8523677920399,25.32765330745417],[112.87066124891749,25.34413808830209]],[[112.96657270676496,24.958657742460844],[112.99308271699374,24.975375068204812],[112.95938968308735,25.038575344076833],[112.97370405539777,25.10505707432452],[112.96688276602674,25.172365627771512],[113.02848107324292,25.230372423148765],[113.01478681765741,25.245616970546735],[112.96512576684063,25.252024847868427]],[[112.96512576684063,25.252024847868427],[112.9010469909258,25.239880885894138]],[[112.2074459168955,25.20120107706805],[112.26377322835174,25.175517890038577]],[[112.1396464379327,24.784430649854585],[112.16739668161154,24.901167711021003],[112.12641727124003,24.940493475893163],[112.12238650893016,24.960750637531874],[112.18584516811995,25.187997747897725],[112.2074459168955,25.20120107706805]],[[112.33157270731454,25.181460680266184],[112.402059360551,25.16107432741825]],[[112.26377322835174,25.175517890038577],[112.33157270731454,25.181460680266184]],[[112.4367859232317,25.166836248693926],[112.54416955038437,25.132342230909217]],[[112.402059360551,25.16107432741825],[112.4367859232317,25.166836248693926]],[[112.61088382372941,25.13779409382238],[112.65077802938254,25.12260122326785],[112.68007856667248,25.093972480445586],[112.71408165894138,24.999507962522443],[112.80007124199415,24.945015163718836],[112.85092085211556,24.939330755909623]],[[112.54416955038437,25.132342230909217],[112.61088382372941,25.13779409382238]],[[112.93939090386709,24.959045315189144],[112.96657270676496,24.958657742460844]],[[112.85092085211556,24.939330755909623],[112.93939090386709,24.959045315189144]],[[112.1070386087448,24.812206732854406],[112.1396464379327,24.784430649854585]],[[111.99655439706771,24.735673935703574],[112.01841352736233,24.74254690191799],[112.06636925673581,24.796574611828873],[112.1070386087448,24.812206732854406]],[[109.25837527859619,28.505908922458786],[109.24979699093836,28.460433660884746],[109.2731547380007,28.390747992425872],[109.26385298083034,28.322225043051276],[109.33847374916417,28.27933360386271],[109.35862755711605,28.248069362710908],[109.35428673734299,28.208846951525572],[109.29589236923738,28.08314402907365],[109.29671919243674,28.057254137368545],[109.3139274427972,28.045471909700836]],[[109.34694868403449,28.06327444106256],[109.36327843615084,28.05748668136522],[109.36555219927453,28.03575674138051],[109.31284223807876,27.981909897723597],[109.313617385334,27.95713104915859],[109.34033410023846,27.93547862443893],[109.31625288276427,27.91294769877726],[109.31082685827283,27.887652086274727],[109.33506310357933,27.79248993636145],[109.35878258674694,27.7607347678952],[109.41340457586045,27.73895315196637],[109.41448978057889,27.714019272871155],[109.44616743377998,27.659242255026015],[109.44477216979976,27.601054592495416],[109.41836551325781,27.559506741343],[109.31842329310047,27.500621445922945],[109.27687544194805,27.43853221319108],[109.2586853369587,27.434578966146375]],[[109.3139274427972,28.045471909700836],[109.34694868403449,28.06327444106256]],[[109.2586853369587,27.434578966146375],[109.20638878781227,27.444759223359426]],[[109.20638878781227,27.444759223359426],[109.13564375215736,27.411195379762944],[109.11735029527983,27.370551866175674],[109.01492760642384,27.26218638799139],[108.96387129072747,27.246450914178354],[108.90010257407448,27.188805854006944],[108.89002566874956,27.131005764204644],[108.85292199105697,27.108965765857363],[108.78961836059881,27.099224758215996],[108.79132368384091,27.08312755009632],[108.89219607998507,27.009023545700074]],[[109.33599327956614,27.153536688966994],[109.39604129407041,27.149919337807148],[109.43820926284718,27.131031601727045],[109.50420006667969,27.054266262378064],[109.50326989069288,26.964220079493032],[109.4438419938129,26.90099396429997],[109.46182539322729,26.877196966766576]],[[109.26953738774023,27.132194321710585],[109.33599327956614,27.153536688966994]],[[109.22581912625162,27.15307160097359],[109.26953738774023,27.132194321710585]],[[109.14758100765732,27.077882391858907],[109.1770882514216,27.09335948325355],[109.22581912625162,27.15307160097359]],[[109.11316450423845,27.13829214156908],[109.12380984944497,27.130644028998745],[109.1120792986207,27.09312693925682],[109.14758100765732,27.077882391858907]],[[108.89219607998507,27.009023545700074],[108.95017703694066,27.026903591427583],[109.00779625869035,27.09405711524363],[109.11316450423845,27.13829214156908]],[[109.48507978660285,26.882416287481647],[109.51985802612694,26.858360907529857],[109.51040123932569,26.82833689982806],[109.39707482284473,26.754672145902816],[109.29403201726376,26.72730947495228],[109.28137129135195,26.711057237201715],[109.30168012893478,26.680645656771617],[109.36994469589098,26.65356720576193],[109.40673831612037,26.597239895205007],[109.40255252507893,26.537295234387557],[109.32018029228664,26.435673530309145],[109.2916032254085,26.337514145961052],[109.29997480659199,26.306172390443464],[109.3230741721353,26.283744819367882],[109.40689334485194,26.263771878569344],[109.3852925960764,26.219588528188012],[109.41040734322428,26.188014227774374],[109.42751224169655,26.098562324091972],[109.45670942619904,26.038850206371933]],[[109.46182539322729,26.877196966766576],[109.48507978660285,26.882416287481647]],[[95.77191165639778,41.82972097414364],[95.86394738156639,41.855016588444755],[96.04130089711867,42.003431301013734],[96.01783979726878,42.138720201476076],[96.04378136581732,42.499886785846456],[96.06284996905077,42.55926300678232],[96.09091027199145,42.58690989857291],[96.35883845270976,42.71921825243538]],[[95.49198042235855,41.856024277898086],[95.77191165639778,41.82972097414364]],[[93.28632693943666,40.46926138030841],[93.50347130695519,40.547602850790895],[93.57747195766467,40.58796214533669],[93.66914594942597,40.6833568392467],[93.75994144114458,40.82332245536702],[94.01103722498789,41.104028835762165],[94.58092492064856,41.585213934775254],[95.05826012630376,41.788560695719525],[95.49198042235855,41.856024277898086]],[[93.03683312424926,40.48985443783204],[93.28632693943666,40.46926138030841]],[[92.9359607281051,39.15285594294738],[92.95146365792147,39.44167552300695],[92.7724048200264,39.81054189679111],[92.76449832593693,39.86242503478752],[92.77741743426714,39.905523180450416],[92.91534183126049,40.09331533473488],[92.9258838236795,40.422907620490264],[92.94154178312675,40.4725686713071],[93.03683312424926,40.48985443783204]],[[98.24581749937806,40.524529324568675],[98.2348104189656,40.54168589898501],[98.32653608577169,40.85567190213658],[98.32059329644346,40.8919229191074],[98.29392825658374,40.91665009172834],[98.2037528833888,40.95124746409914],[98.01802778485433,41.0899986842918],[97.95053836515336,41.119815986418644],[97.83695356625407,41.21748444345229],[97.65897993397675,41.41344147424462],[97.6476111192577,41.455531927756226],[97.65908328676426,41.48387645153696],[97.84687544104872,41.61926870388754],[97.1933979845367,42.782223982242066]],[[101.09820153167533,38.99136709241736],[101.04854048085849,39.000823880117935],[100.94131188423603,39.063869127258386],[100.8766129897976,39.12006724750546],[100.84509036712672,39.199519762027364],[100.84338504388461,39.343283596460765],[100.83315311072744,39.380077215790834],[100.81020877481507,39.403874213324286],[100.50666141219438,39.41852448241889],[100.47333011259457,39.48560049096989],[100.31814578659873,39.53337535318997],[100.28662316302854,39.62734894469804],[100.2216142111269,39.68042064109966],[99.92509484255288,39.76628103294331],[99.8431360209106,39.80286794669837],[99.76200402156832,39.860202949406585],[99.68614301978448,39.87601593668609],[99.43086144400041,39.87880646374731],[99.53250898560117,40.0007886831512],[99.62702518126707,40.06918244131657],[99.91703331883258,40.219044093809885],[99.95661746612313,40.27325267177338],[100.00436648992155,40.39089407050494],[100.14001712379121,40.51809560792594],[100.1988249039461,40.59847829843471],[100.20471601822959,40.63798493135948],[100.18347700376069,40.723147691212944],[100.04968672096538,40.880450750701584],[100.01118777929253,40.89628957820145],[99.76665490060316,40.90985464077903]],[[99.76665490060316,40.90985464077903],[99.66454227100894,40.901276354020524],[99.49602542463361,40.842881985015595],[99.1574414409697,40.83631907806296],[98.82567874577745,40.72655833589846],[98.64584476062714,40.56754995406709],[98.60067955921426,40.54796458599685],[98.51520674009896,40.533546860898866],[98.24581749937806,40.524529324568675]],[[104.2624528336313,37.39032786693747],[104.10850874198479,37.4618480489483],[103.86366580583223,37.62643748580132],[103.67871585455299,37.77503306732217],[103.42715498271622,37.84957632129016],[103.38746748263816,37.999102077898556],[103.38808760026251,38.101989853848636],[103.52895755394792,38.14661245380165],[103.4876680852139,38.33032217073156],[103.43940229657869,38.413624579510724],[103.79431603415759,38.590771389488],[103.87343265189531,38.64268036590613],[103.9795243669559,38.758978175702225],[104.05951948383705,38.895223090573154],[104.16080529203055,38.94713206609197],[104.21682254422501,39.03472361870001],[104.22478071515786,39.09068919495036],[104.05998457183046,39.30783356426758],[104.04598025878187,39.34770193149893],[104.06541059812054,39.417852687951154],[104.02396609885636,39.44110708312536]],[[104.02396609885636,39.44110708312536],[103.74925418463289,39.4248806828972],[103.46379357331472,39.357184556721904],[103.13637169789553,39.224815375429216],[103.00635379409226,39.13027334224091],[102.96537438372081,39.119369615515325]],[[102.96537438372081,39.119369615515325],[102.83055057215114,39.13022166629685],[102.59345909955778,39.177919013251824],[102.43315880743296,39.241325994698855]],[[102.43315880743296,39.241325994698855],[102.01519982271361,39.120144761871245],[101.83076663627122,39.082420966554366],[101.82549563961203,39.064437568039295],[102.03121951736676,38.8791775583976],[101.99199710528217,38.82863800753802],[101.83107669463374,38.68983511050192],[101.75826460232952,38.68750967143416]],[[101.34862552284955,38.751846828868054],[101.31043663863994,38.76884837545214],[101.33617150341212,38.81825104385058],[101.26563317333222,38.85119476982277],[101.20636030518392,38.93080231397556],[101.2170573263345,38.999686998556115],[101.1799536477426,39.02064179128564]],[[101.1799536477426,39.02064179128564],[101.09820153167533,38.99136709241736]],[[101.59460534056399,38.68750967143416],[101.39001834527039,38.753009547952274]],[[101.39001834527039,38.753009547952274],[101.34862552284955,38.751846828868054]],[[101.75826460232952,38.68750967143416],[101.65000247603342,38.700635484440056]],[[101.65000247603342,38.700635484440056],[101.59460534056399,38.68750967143416]],[[104.35851932200904,37.40123159456243],[104.32606652155266,37.407639471884124]],[[104.32606652155266,37.407639471884124],[104.2624528336313,37.39032786693747]],[[103.35067386330809,33.75569183990649],[103.27197065582106,33.76517446512946],[103.18804813031693,33.81263926898703],[103.19316409734517,33.883771878269556],[103.14422651604082,33.943509833511996],[103.15425174362304,34.08313955284808],[103.1405574889369,34.14727000650555],[103.12009362172324,34.16861237196338],[103.00945438041526,34.20659454969871],[102.94429039888274,34.284057521937086],[102.91245771695003,34.29971548138434]],[[102.91245771695003,34.29971548138434],[102.7647147970502,34.26824453375821],[102.70828413280645,34.21419098632492],[102.5796098170394,34.15285106152726],[102.58053999212689,34.13073354701555],[102.63593712759632,34.11026967980189],[102.6351619812404,34.08851390229472],[102.45858361204404,34.06923859348626],[102.42540734297444,34.039808864987094],[102.40613203326666,33.99870026340642],[102.3515100441532,33.96991649005395]],[[102.33166629366445,33.97304291389935],[102.31409630719878,33.98789988946828]],[[102.31409630719878,33.98789988946828],[102.29285729362914,33.9828614359065]],[[102.29285729362914,33.9828614359065],[102.28619103388905,33.98350739195257]],[[102.28619103388905,33.98350739195257],[102.1712109719088,33.941752835225145],[102.26422854990761,33.82615265651987],[102.24872562099057,33.816437486400844],[102.24738203295442,33.79767894152991],[102.29952355336923,33.780832424576715],[102.3248450051928,33.75179026880585],[102.29068688419233,33.725125229845446],[102.30520796117844,33.720319322079035]],[[102.3515100441532,33.96991649005395],[102.3363171726993,33.97348216437035]],[[102.3363171726993,33.97348216437035],[102.33166629366445,33.97304291389935]],[[103.55298709457873,33.701224881323185],[103.531282993915,33.70631500903045],[103.52151614785191,33.72579702431318],[103.55629438737606,33.79400991532532],[103.55861982644382,33.80687734591277],[103.54141157428467,33.817419339231094]],[[103.54141157428467,33.817419339231094],[103.43630171115501,33.76972199227612],[103.35067386330809,33.75569183990649]],[[102.33507693924929,33.73566722316377],[102.34313846207033,33.72517690668889],[102.32799726835918,33.64621531858205],[102.3560058935571,33.609395859931],[102.40287641821209,33.594073798167244],[102.48183800721824,33.540149441043866],[102.47625695219654,33.53332815257215]],[[102.30520796117844,33.720319322079035],[102.33507693924929,33.73566722316377]],[[103.80361779222727,33.67122671204311],[103.74512007043484,33.67603261980952],[103.6234737487145,33.71401479754485]],[[103.6234737487145,33.71401479754485],[103.55298709457873,33.701224881323185]],[[104.36766605044784,33.30427236617675],[104.38518436096945,33.31391002013129],[104.38291059784575,33.32649323257658],[104.29289025338244,33.363571071847446],[104.17465457634756,33.49015249344279],[104.16380252466672,33.52234691058146],[104.17134728444955,33.59076650626923],[104.1315047547406,33.65205475512283],[104.09300581306775,33.66853953687013],[103.91513553267868,33.683293157852916]],[[103.91513553267868,33.683293157852916],[103.80361779222727,33.67122671204311]],[[101.85603641215067,33.120175076518535],[101.8558813816204,33.18402130843663],[101.82472049415543,33.24828095150468],[101.84347903902636,33.28466116058405],[101.88910932843271,33.32866364201345],[101.92466271431277,33.433153388418134],[101.88600874210971,33.497490545851974],[101.89283003058142,33.52648102477946],[101.88399336140446,33.54632477526815],[101.84502933083888,33.584823716940946],[101.80342980284308,33.60539093694217]],[[101.80342980284308,33.60539093694217],[101.78792687392604,33.59322113744554],[101.77753991113792,33.53004669909586]],[[102.47625695219654,33.53332815257215],[102.46003055196837,33.541622219389865]],[[102.46003055196837,33.541622219389865],[102.45455284973417,33.51283844693677],[102.47625695219654,33.46503774719423]],[[102.47625695219654,33.46503774719423],[102.45455284973417,33.47185903656526]],[[102.45455284973417,33.47185903656526],[102.4619942567295,33.457596340198904],[102.38628828277797,33.40979564135574],[102.28929162021205,33.3854560414631],[102.23916548140181,33.32806936281082],[102.14563113766684,33.30339386703332],[102.09938073063614,33.22223603016863],[102.07669477714222,33.21546641674172]],[[104.33412804617234,33.30584849731031],[104.36766605044784,33.30427236617675]],[[104.76118208158778,32.64387339873832],[104.58568891800911,32.67544770005128],[104.4839896986656,32.73903554955098],[104.40569990412723,32.80936717405581],[104.31283735575931,32.83019277647543],[104.28214155538842,32.85721954974241],[104.27645714667995,32.88230845846857],[104.2907198430463,32.92310700078741],[104.32126061378625,32.952717597339245],[104.38756147688059,32.96579173440102],[104.41577680855283,33.03446971340651],[104.40585493375812,33.06327932428138],[104.316144646758,33.157382106998625],[104.28994469579101,33.2131926545174],[104.28555219917462,33.28964793640313],[104.33412804617234,33.30584849731031]],[[102.07669477714222,33.21546641674172],[102.03018598769313,33.22112498612921]],[[102.03018598769313,33.22112498612921],[101.9875012549789,33.21358022724564],[101.85603641215067,33.120175076518535]],[[105.4985530948494,32.90739736629541],[105.4813448426903,32.92184092891574]],[[105.4813448426903,32.92184092891574],[105.4133386581525,32.90189382653887],[105.37799197784744,32.86050100411802],[105.37814700657907,32.835928860228705],[105.43524946529055,32.77355540575735],[105.43721316915241,32.74645111722526],[105.37034386617643,32.71404999451164],[105.2699882339698,32.64170298930151]],[[105.2699882339698,32.64170298930151],[105.20373904771884,32.66382050201452]],[[105.20373904771884,32.66382050201452],[105.18327518140444,32.6550613472034],[105.14679162043689,32.6083458521793],[105.11268517538048,32.59434153913071]],[[104.91683149557701,32.61051626251549],[104.81425377798939,32.64542369234948]],[[104.81425377798939,32.64542369234948],[104.76118208158778,32.64387339873832]],[[105.11268517538048,32.59434153913071],[105.07821699421885,32.60702810346419],[105.05883833172356,32.633202216009465],[105.03181155755732,32.63867991824361]],[[105.03181155755732,32.63867991824361],[104.91683149557701,32.61051626251549]],[[106.77377241356601,39.37299754490073],[106.80937747628946,39.30933218013598],[106.79940392465136,39.241791082692316],[106.80824059472764,39.19905467403396],[106.84834150595572,39.16394053772564],[106.88348147978644,39.08908722629445],[106.97784264492208,39.03560211784344],[106.981718377601,39.01462148669225],[106.93174726842165,38.92113882069998],[106.70891849219464,38.64529002491469],[106.64499474501145,38.45920319297295],[106.47012169815781,38.290686347496944],[106.82916954993476,38.150384832793804],[107.06083499623804,38.114934801499885]],[[106.45146650607433,39.28111684846374],[106.54567264157907,39.30462962515708],[106.61409223816622,39.358321438283724],[106.77377241356601,39.37299754490073]],[[106.32687462766188,39.29413930958145],[106.45146650607433,39.28111684846374]],[[106.20600345319679,39.12239268747254],[106.24853315628008,39.12988576951261],[106.2834147476924,39.156524970051294],[106.27395796089115,39.26478709634739],[106.32687462766188,39.29413930958145]],[[106.15293175679511,39.13084178302182],[106.20600345319679,39.12239268747254]],[[105.50490929622697,37.72462270857113],[105.65141198087815,37.737025051165176],[105.79946496003981,37.81278270106077],[105.79961998877144,37.88954804130901],[105.82612999900022,37.999877224254476],[105.77672732970245,38.07467885974154],[105.75564334486444,38.14780101220691],[105.77398847858535,38.19751373986719],[105.82809370286208,38.22681427715713],[105.84752404220075,38.26541657251681],[105.84525027907705,38.3041222188653],[105.8227193543147,38.34613515891044],[105.84121951676724,38.57128937420521],[105.89661665223667,38.73618887032006],[105.99960778187358,38.8733122834351],[106.01867638600635,38.93134491633481],[106.0602759140022,38.979068101711505],[106.08156660441523,39.06125946735051],[106.11040205281245,39.11673411718573],[106.15293175679511,39.13084178302182]],[[107.14305219939945,38.14069550199582],[107.32417809484315,38.06594554335214],[107.39275272016187,37.98522695605914],[107.4119763530262,37.911975613283914],[107.49176476433234,37.90450836786687],[107.65764611237813,37.85293528913229]],[[107.06083499623804,38.114934801499885],[107.14305219939945,38.14069550199582]],[[105.36869021977776,37.75402659774926],[105.50490929622697,37.72462270857113]],[[104.64697716686271,37.50659984011054],[104.97021325124052,37.55189423273265],[105.00902225127584,37.576673082196976],[105.05677127507425,37.64225047487952],[105.08488325395894,37.660673122966216],[105.24657881096329,37.72526866281851],[105.36869021977776,37.75402659774926]],[[104.57437177923418,37.53073273442811],[104.64697716686271,37.50659984011054]],[[104.35851932200904,37.40123159456243],[104.43639570539744,37.50753001609735],[104.57437177923418,37.53073273442811]],[[104.65689904165743,37.2772081569309],[104.72242475839585,37.32844533978056],[104.68046349519409,37.3732229684652],[104.71756717288667,37.406864326427524],[104.53163536967651,37.42474437125571],[104.47628991105051,37.4437612985451]],[[104.47628991105051,37.4437612985451],[104.40864546081934,37.401283271405816],[104.35851932200904,37.40123159456243]],[[104.64124108310943,37.2783967153361],[104.65689904165743,37.2772081569309]],[[104.6946228369743,37.21408539542466],[104.65813927600675,37.22258616781738],[104.62139733262075,37.24927704519945],[104.64124108310943,37.2783967153361]],[[105.60237104678635,35.69663279956404],[105.56309695785825,35.69999176740612],[105.42749799993271,35.75954885549527],[105.32057946167276,35.92344066035815],[105.31639367063133,35.99356557928803],[105.3309664253602,36.03242625616679],[105.34646935427725,36.05480215129825],[105.43741987472737,36.10668528929466],[105.43338911331688,36.17900645608307],[105.4485819838714,36.226652127093985],[105.42145185781692,36.3399527042539],[105.39277143815133,36.38439443615431],[105.34398888557854,36.42247996757641],[105.26874799962042,36.550224107356655],[105.22048221188453,36.69295441301574],[105.22916385322918,36.735070705848386],[105.32166466729052,36.78072683457572],[105.32057946167276,36.796565660277],[105.15154585225923,36.99608836538573],[104.96525231294385,37.06383616840441],[104.9190019059132,37.10052643494697],[104.86003909702669,37.2143954528878],[104.76474775590418,37.25049144112711]],[[104.76474775590418,37.25049144112711],[104.6946228369743,37.21408539542466]],[[106.93293582592759,37.107192694687114],[106.84684288918794,37.14284943335463],[106.76974165215546,37.20052033104844],[106.68984988806181,37.20656647406349]],[[106.68984988806181,37.20656647406349],[106.64406456902458,37.18165843428926],[106.62060346917474,37.0702440457261],[106.63703657407859,37.006010240180444],[106.60835615441295,36.95547068932086],[106.5748181501375,36.93133779590255],[106.61471235579052,36.890203355000835],[106.65305626783243,36.81684866033737],[106.62168867389312,36.74158193595758],[106.59435184136436,36.72390859580503]],[[107.28547244669602,37.068461209017585],[107.24392459464428,37.09825267182333],[107.12568891760941,37.12463349084288]],[[107.12568891760941,37.12463349084288],[107.00605797659432,37.10706350437721]],[[107.00605797659432,37.10706350437721],[106.98853966697203,37.109104723504174]],[[106.98853966697203,37.109104723504174],[106.93293582592759,37.107192694687114]],[[106.59435184136436,36.72390859580503],[106.55435428292378,36.731737576427975]],[[106.55435428292378,36.731737576427975],[106.49229088681494,36.69352285379665],[106.49198082935175,36.54262767252902],[106.43084760922972,36.50232005482667],[106.49012047737807,36.45358917909732],[106.5039180848517,36.35586904611955],[106.47260216685646,36.3101870789705],[106.49658003064388,36.26835500697797],[106.52954959503774,36.2593374697484]],[[106.59843427871897,36.278096015518656],[106.76586592037586,36.20298432076976]],[[106.52954959503774,36.2593374697484],[106.59843427871897,36.278096015518656]],[[106.8136666201184,36.211640122793426],[106.88069095272522,36.1568114281049],[106.94476972864004,36.07694550243298],[106.92926679882368,36.010567124972795],[106.9405839375986,35.98183502936308],[106.91371219306319,35.952612006438926],[106.93856855689336,35.92390574835156],[106.84322553892741,35.88220286756825],[106.9109216651027,35.78236400019841],[106.85511111938263,35.73456330045593],[106.77671797115738,35.712652493317876],[106.75051802019044,35.680664780854954],[106.7284521834215,35.67704743149375]],[[106.76586592037586,36.20298432076976],[106.8136666201184,36.211640122793426]],[[106.7284521834215,35.67704743149375],[106.68018639478623,35.70944855420737],[106.52221154172923,35.73373647725657]],[[106.52221154172923,35.73373647725657],[106.45740929630193,35.7238921168277],[106.4292973174172,35.69944916414761],[106.45379194514209,35.610539862824396],[106.51011925659839,35.56573639571809],[106.49508141477543,35.5531273457504]],[[105.84411339661591,35.4876791451764],[105.69311486166151,35.64707509973607],[105.68696536675822,35.68128489847925],[105.7299084818909,35.69727875381142],[105.70789432196534,35.71766510755867]],[[105.70789432196534,35.71766510755867],[105.60237104678635,35.69663279956404]],[[106.49508141477543,35.5531273457504],[106.42960737488039,35.55653799133523]],[[106.42960737488039,35.55653799133523],[106.41327762276404,35.54589264612872],[106.43162275558564,35.506825262775635],[106.49658003064388,35.47478587526791],[106.4832991880071,35.37443024306123],[106.45771935376513,35.323528957895064],[106.35974083926828,35.25531606688298]],[[105.90788211506754,35.40440257391964],[105.8847827486249,35.42962067295565],[105.90064741364716,35.44677724917068],[106.07877607555542,35.47165945142251],[106.06508182176862,35.48765330675468],[105.93614912268384,35.52480866129065]],[[105.93614912268384,35.52480866129065],[105.84411339661591,35.4876791451764]],[[106.04957889195225,35.4221534293373],[106.00172651626565,35.429362291436576]],[[106.00172651626565,35.429362291436576],[105.90788211506754,35.40440257391964]],[[106.35974083926828,35.25531606688298],[106.31338707855082,35.27360952376051],[106.19701175259024,35.4059528675308],[106.11241743441701,35.42465973645767]],[[106.11241743441701,35.42465973645767],[106.04957889195225,35.4221534293373]],[[109.33599327956614,31.705248521402098],[109.28059614499603,31.719278672872463],[109.25258751799953,31.744005846392668],[109.18887047729066,31.840304876968503],[109.11766035364235,31.90572724091942],[108.78930830313561,32.04533112183378],[108.75297977089969,32.0830032412066],[108.66316613201133,32.112458808127485],[108.5858581894039,32.16925120757713],[108.51836876790429,32.19756989203688]],[[109.59396202962392,31.737597968171656],[109.33599327956614,31.705248521402098]],[[111.10570438015299,39.380904038990195],[111.04100548661387,39.4229686549794],[111.12265424989369,39.52758759169399],[111.13676191572978,39.57339874915294],[111.12058719324432,39.58078847930483]],[[111.12058719324432,39.58078847930483],[111.06074588431505,39.560324612091165]],[[111.06074588431505,39.560324612091165],[111.03154869981262,39.56983307573586]],[[111.03154869981262,39.56983307573586],[110.95832319455974,39.523324286286766],[110.90587161668174,39.510017605228256],[110.84566857344589,39.46518829970023],[110.7281563659235,39.338322659063465],[110.68485151558491,39.26437368429805],[110.6462492211246,39.244271552290286]],[[110.36027184496965,39.31532664630765],[110.27443728974907,39.35702952709096],[110.215526157706,39.43017751707873],[110.14488447483859,39.44477610932995]],[[110.14488447483859,39.44477610932995],[110.11279340958816,39.43203786905241],[110.10690229710326,39.41506216088999],[110.16581343004572,39.322509670884585],[110.17408165934108,39.279928290058535],[109.96334516824487,39.181277981093956],[109.8452128439975,39.096631985177964],[109.8205631857424,39.0544640164012],[109.67426720576691,39.01121084200673],[109.62770674037375,38.89395701780211],[109.57463504397208,38.85209910738786],[109.54890018099849,38.79525503199409],[109.52636925713546,38.782852688500725]],[[111.11004520082531,39.38519318281914],[111.10570438015299,39.380904038990195]],[[110.6462492211246,39.244271552290286],[110.6034094578801,39.26721588820266],[110.55064782074027,39.34230174452989],[110.50181359312279,39.374909572818524]],[[110.50181359312279,39.374909572818524],[110.41892459459433,39.35305044252391],[110.39660037630625,39.32811656342864],[110.36027184496965,39.31532664630765]],[[109.52636925713546,38.782852688500725],[109.49918745333827,38.79416982727571]],[[109.49918745333827,38.79416982727571],[109.40348270106574,38.7542239447792],[109.37495731013172,38.697328193441365],[109.31578779477087,38.66782095057641],[109.3131522973406,38.62048533792796],[109.15998335205,38.54214386744553],[109.14432539260275,38.50449758649438],[109.05849083918082,38.43817088497832],[108.98635053864638,38.335205592863815],[108.95348432793935,38.19906403347835],[109.03823367664285,38.089665024721114],[109.00097497021864,37.988482571113764],[108.95425947519459,37.9255406758615],[108.93209028473882,37.9151537139727]],[[108.93209028473882,37.9151537139727],[108.85152672707676,37.990239570299934]],[[108.85152672707676,37.990239570299934],[108.81643843008942,37.97388397886249],[108.78341718975145,37.92365448726474],[108.78357221938239,37.78004568156291],[108.76434858561868,37.68188629811414],[108.64993696531866,37.66284353330241]],[[108.03870812408064,37.632509467238094],[107.99964074072756,37.64504100194068],[107.99964074072756,37.712272040122514],[107.92874067634108,37.7853425157445],[107.70260460821606,37.832368069131064],[107.65764611237813,37.85293528913229]],[[108.64993696531866,37.66284353330241],[108.52053917913975,37.67080170333594]],[[108.52053917913975,37.67080170333594],[108.307167189714,37.632742011234825]],[[108.307167189714,37.632742011234825],[108.23347659736703,37.64039012290584]],[[108.23347659736703,37.64039012290584],[108.03870812408064,37.632509467238094]],[[105.61368818556127,32.70257782610577],[105.58702314660087,32.70810720518335],[105.56826460172994,32.73045726189309],[105.55131473198924,32.80587901500451],[105.4985530948494,32.90739736629541]],[[106.25457929929519,32.59126679122943],[106.19127566883702,32.60488353154972],[106.1148979022164,32.648834337035],[106.06275638180153,32.69994232777617],[106.05686526931669,32.76006785754555],[106.1028056170855,32.84820201341216],[106.08234174987183,32.873523464336415]],[[106.08234174987183,32.873523464336415],[105.87548099235386,32.84471385346154],[105.79553755141683,32.75355662743641]],[[105.79553755141683,32.75355662743641],[105.74169070775991,32.76262584150936]],[[105.74169070775991,32.76262584150936],[105.61368818556127,32.70257782610577]],[[106.84296715740834,32.71689219841619],[106.73744388222934,32.74342804616737]],[[106.73744388222934,32.74342804616737],[106.62556440567272,32.6800985781868],[106.37560550339123,32.64247813655675],[106.25457929929519,32.59126679122943]],[[107.23307254386276,32.44354970975127],[107.06998172377746,32.52292470990744],[107.09297773563395,32.59550425911425],[107.09623335158784,32.6692465283046],[107.06533084474268,32.708313909859044],[107.01086388615937,32.71955353426819]],[[107.01086388615937,32.71955353426819],[106.93453779458349,32.712732244897154]],[[106.93453779458349,32.712732244897154],[106.87743533677133,32.718390815183966]],[[106.87743533677133,32.718390815183966],[106.84296715740834,32.71689219841619]],[[107.5750671731115,32.39179576296408],[107.45962202403712,32.408642279917274],[107.44830488526219,32.52222707791731],[107.41693729042356,32.53540456776659]],[[107.41693729042356,32.53540456776659],[107.37053185376197,32.51982412448376],[107.28412885865987,32.452928982186734],[107.23307254386276,32.44354970975127]],[[107.99049401228882,32.14522166604701],[107.85096764484092,32.22041087516175],[107.7729362327209,32.310715440465174],[107.65919640508997,32.388617662275294],[107.62224775612901,32.399211331537686]],[[107.62224775612901,32.399211331537686],[107.5750671731115,32.39179576296408]],[[108.51836876790429,32.19756989203688],[108.47940473823803,32.2502798532326],[108.36757693942417,32.26549856220885]],[[108.36757693942417,32.26549856220885],[108.2913542006358,32.251184189898424]],[[108.2913542006358,32.251184189898424],[108.25099490788864,32.26482676953975]],[[108.25099490788864,32.26482676953975],[108.1876912783298,32.2353453641972]],[[108.1876912783298,32.2353453641972],[108.15167280535564,32.24090057989781]],[[108.15167280535564,32.24090057989781],[108.11648115378216,32.23203807229919]],[[108.11648115378216,32.23203807229919],[108.0799975928146,32.23338165943602]],[[108.0799975928146,32.23338165943602],[108.02274010627082,32.210127265161134],[108.00305138631239,32.14989838350357],[107.99049401228882,32.14522166604701]],[[107.44287885897211,36.8863792991653],[107.281958449223,36.91490469009932],[107.2947742047657,36.959372260421446],[107.27777265818156,37.04378571234071],[107.28547244669602,37.068461209017585]],[[107.66338219613141,36.82007843697028],[107.53083214678611,36.84658844719905],[107.52246056470324,36.852996324520745],[107.53258914597228,36.87423533809039],[107.48773400292185,36.890978502256075]],[[107.48773400292185,36.890978502256075],[107.44287885897211,36.8863792991653]],[[108.1613362977319,36.569137681858535],[108.04170535671682,36.59774058715834],[108.0250655462379,36.6204007022306],[108.03302371627143,36.6543779569771],[107.94858442593045,36.67688304331779],[107.89427249607877,36.75057363476543],[107.73908816918362,36.79661733712038],[107.69547326138189,36.82509105121102]],[[107.69547326138189,36.82509105121102],[107.66338219613141,36.82007843697028]],[[108.47056806816175,36.45648305894599],[108.40803958495883,36.48154612925043],[108.35636315343675,36.54603831631522],[108.25114993662021,36.569886989792735],[108.21239261342834,36.60053111421951]],[[108.21239261342834,36.60053111421951],[108.1613362977319,36.569137681858535]],[[108.44731367388692,35.2695529239283],[108.52146935422729,35.284022324970294],[108.6172257833432,35.39282705272626],[108.60373823423208,35.547856349990525],[108.5463257180574,35.61046234845861],[108.51294274341285,35.67591054903261],[108.52255455894567,35.79507640205429],[108.49092858258797,35.87641510697159],[108.60125776643275,35.96152619088099],[108.6710726261008,35.99434072474463],[108.69975304576639,36.1255471869531],[108.69014122933424,36.17598338502518],[108.644149204722,36.24223257127613],[108.65024702368117,36.265073554401],[108.69525719636249,36.313003445352706],[108.70368045528875,36.35896963154323],[108.6145902850136,36.42904287452899],[108.5189888864279,36.45953196932493]],[[108.5189888864279,36.45953196932493],[108.47056806816175,36.45648305894599]],[[107.7473563993783,35.318929754804344],[107.86197472525333,35.27435883169471],[107.93804243441076,35.261517239528985],[107.97183882020533,35.22260488490747]],[[107.71004601431207,34.951406969056336],[107.83034874889557,34.97672842087991],[107.84244103402648,34.99812246408044],[107.82538781059895,35.02724213331777],[107.75975874197235,35.07891856483985],[107.67221886620769,35.22058950510154],[107.67283898293266,35.232966010173186],[107.73040652873829,35.251853746253346],[107.7392431988145,35.271697495842716],[107.73149173435598,35.30652741131098],[107.7473563993783,35.318929754804344]],[[108.19260053888371,35.29412506781762],[108.26887495271683,35.262447415515794]],[[107.97183882020533,35.22260488490747],[108.11431074434535,35.27931976999139],[108.19260053888371,35.29412506781762]],[[108.35357262637558,35.27831207873942],[108.44731367388692,35.2695529239283]],[[108.26887495271683,35.262447415515794],[108.35357262637558,35.27831207873942]],[[106.77020674014892,35.09517080348979],[106.8110311217888,35.087471014975335]],[[106.62478926021612,35.07656728824975],[106.77020674014892,35.09517080348979]],[[106.90177493666397,35.09041657256677],[106.94942060767488,35.06150360800507],[107.05153323816836,35.03814586004336],[107.09902387864906,34.97957062388514],[107.21865481966415,34.891462307339566]],[[106.8110311217888,35.087471014975335],[106.90177493666397,35.09041657256677]],[[106.58339643779533,35.08488719348918],[106.62478926021612,35.07656728824975]],[[106.36837080287023,34.52021881854364],[106.31772789922314,34.583341580049876],[106.37715579610307,34.63214997014501],[106.42278608640873,34.70000112595119],[106.48484948071894,34.73250560235164],[106.54319217288042,34.8200454781163],[106.5515637549633,34.857174994230604],[106.49880211782346,34.93068471942422],[106.50453820157668,34.986469428521275],[106.48851850782285,35.018482978506654],[106.58339643779533,35.08488719348918]],[[107.56964114772074,34.96541128210498],[107.71004601431207,34.951406969056336]],[[107.49688073136065,34.925775457970985],[107.56964114772074,34.96541128210498]],[[107.31048384015708,34.94324209254853],[107.35554568878246,34.93352692332883]],[[107.21865481966415,34.891462307339566],[107.31048384015708,34.94324209254853]],[[107.40360477094339,34.94321625412681],[107.49688073136065,34.925775457970985]],[[107.35554568878246,34.93352692332883],[107.40360477094339,34.94321625412681]],[[106.65600182542386,34.2542143822879],[106.67879113170534,34.26038971651218],[106.68933312412435,34.27945831974563],[106.67362348783365,34.384671536562166],[106.62732140485889,34.41960480391856],[106.61409223816622,34.45872386321571],[106.59631554612554,34.47293488183931],[106.53487226764099,34.49019481084184],[106.47590945785515,34.524197903110746]],[[106.47590945785515,34.524197903110746],[106.36837080287023,34.52021881854364]],[[106.55404422366195,34.28082774530418],[106.65600182542386,34.2542143822879]],[[106.56164066028822,34.12246531772024],[106.57946902917229,34.12678029997085],[106.58835737519269,34.14866527048582],[106.5524939309501,34.24214793647809],[106.49678673711816,34.266487535471356],[106.55404422366195,34.28082774530418]],[[106.53745608912715,34.12662527123928],[106.56164066028822,34.12246531772024]],[[106.49554650276883,33.543585924151046],[106.54288211541723,33.563429673740416],[106.56086551303298,33.623555203509795],[106.54024661708769,33.66140818913658],[106.47151696213803,33.71238699046722],[106.4551355331783,33.81561066320154],[106.49089562373399,33.855582384119714],[106.43487837064026,33.88191152629588],[106.4231994975587,33.925164699791026],[106.49833702983,34.04303864251932],[106.51373660685886,34.10660065449656],[106.53745608912715,34.12662527123928]],[[106.39265872591943,33.61882680920985],[106.42805708216855,33.60833649273491],[106.45394697477303,33.562266953756875],[106.49554650276883,33.543585924151046]],[[106.33069868439674,33.606217760141476],[106.39265872591943,33.61882680920985]],[[106.07345340385149,33.61750906049474],[106.09412397664016,33.609395859931],[106.11923872288872,33.574436754152885],[106.17060509604829,33.56224111623453]],[[105.85873782818817,32.96305288328392],[105.886488071867,32.97801321074104],[105.908398879005,33.023049220944756],[105.89765018101099,33.158906562188065],[105.92467695517729,33.22409638124299],[105.90033735618402,33.238152371135016],[105.84411339661591,33.24300995484555],[105.74716840999406,33.293988756176134],[105.71750613839754,33.34153107439954],[105.71797122639094,33.38865998057361],[105.80132531111417,33.41780548823266],[105.83243452443372,33.497542222695415],[105.96389936726194,33.559398912329925],[105.99294152213349,33.61063609517964],[106.07345340385149,33.61750906049474]],[[106.30703087807251,33.612367255044774],[106.33069868439674,33.606217760141476]],[[106.17060509604829,33.56224111623453],[106.30703087807251,33.612367255044774]],[[105.84597374858959,32.96517161677667],[105.85873782818817,32.96305288328392]],[[105.6393196957473,32.88548655915736],[105.73393924420071,32.90737152787369],[105.7815849143123,32.94765330715438],[105.84597374858959,32.96517161677667]],[[105.4985530948494,32.90739736629541],[105.6393196957473,32.88548655915736]],[[107.57382693876218,37.76273407571699],[107.64369347527361,37.78027822555964],[107.66167687378868,37.81071564441146],[107.65764611237813,37.85293528913229]],[[107.50943810358558,37.76428436932815],[107.57382693876218,37.76273407571699]],[[107.28547244669602,37.068461209017585],[107.32696862190431,37.155355130534815],[107.28598921063355,37.26180857990204],[107.23803348215944,37.30635366548927],[107.27002119282372,37.42784495757871],[107.3221627141379,37.52763214810511],[107.31100060409454,37.578430081383146],[107.46582319488448,37.6896894394161],[107.48633873894158,37.75265717219071],[107.50943810358558,37.76428436932815]],[[92.9359607281051,39.15285594294738],[92.9238684429742,39.1531143262651]],[[92.9238684429742,39.1531143262651],[92.50456587111802,39.07441111877807],[92.36757164921221,39.062887275327455],[92.24856082582141,38.9890416533496],[92.12272871305964,38.94064667440449],[91.88062462802412,38.87548269287197],[91.62865034413801,38.825666612424186],[91.49160444538882,38.81726919191965],[91.2944071802471,38.745128893183846],[91.19880577986282,38.7403746613615],[91.01246056460332,38.698671780578195]],[[91.01246056460332,38.698671780578195],[90.92388716006434,38.702909247563696]],[[90.92388716006434,38.702909247563696],[90.70550255729717,38.67146413835928]],[[90.70550255729717,38.67146413835928],[90.66581505721905,38.677872016580295]],[[90.66581505721905,38.677872016580295],[90.64907189305336,38.66875112656322],[90.63150190568837,38.62030446987535],[90.57936038617282,38.600383205920195],[90.47822960761027,38.532506211692294],[90.31245161325131,38.46579193834725]],[[90.31245161325131,38.46579193834725],[90.2406213719787,38.47382762274657]],[[90.2406213719787,38.47382762274657],[90.17220177629093,38.45628347380324],[90.15091108587785,38.432796536431],[90.15328820178905,38.40879283332259],[90.19349246580464,38.32567129169672],[90.43926557794401,37.99607900594134],[90.45135786307486,37.93675446184892],[90.40722619043629,37.840119534488906],[90.41316897976458,37.800018622361506],[90.43647505088285,37.77857290321691],[90.56897342338476,37.731960760980314],[90.6755819032822,37.66979401298329],[90.834486932326,37.60778229371783],[90.93908003061887,37.52732208884328],[91.0816553084457,37.48329376899221],[91.11767378141985,37.438697008360236],[91.16314904209457,37.30012665532087],[91.23497928336718,37.19540436491951],[91.31631798738516,37.11897492145545],[91.32561974455552,37.052984116723565],[91.29874800002017,37.01763743731783],[91.19136437376682,37.00146271393311],[91.05499026858598,36.94513540337613],[90.98217817628176,36.92958079671638]],[[90.98217817628176,36.92958079671638],[90.89112430214482,36.93947683398869]],[[90.89112430214482,36.93947683398869],[90.8264254086057,36.92361216896643],[90.70147179588662,36.80783112220848],[90.68612389480188,36.74574188947662],[90.69589074086497,36.66055329030206],[90.80528974782356,36.55851817507369],[90.97225630058779,36.52231883404693],[91.0067244808501,36.50348277391089],[91.0610364116011,36.313546047711895],[91.11782881105074,36.19763580974478],[91.13731082633353,36.12043121992485],[91.13162641762506,36.091130683534175],[91.11131758004223,36.07392243137508],[91.0059493353935,36.05294179932457],[90.8750012547041,36.003642482814314]],[[90.8750012547041,36.003642482814314],[90.82937096619708,36.010412096241225],[90.62266523561209,36.11112946185517],[90.29245283403105,36.11554779689328],[90.15421837777586,36.13247182911158],[90.08331831338944,36.22101939522889],[90.02957482341935,36.2588465442326]],[[90.02957482341935,36.2588465442326],[90.01376183524047,36.25277456279582],[89.96255048991316,36.09187999146843],[89.91878055158116,36.069788316277766],[89.86679406079725,36.06560252523633]],[[89.86679406079725,36.06560252523633],[89.67781334810746,36.0819581157744]],[[89.67610802576473,35.83143077181262],[89.58143680226658,35.83977651637309],[89.49441369043944,35.873004462286076],[89.45886030455938,35.91656769504306],[89.43514082229109,35.98780365711309],[89.46692182827974,36.02705190672009],[89.5146708520781,36.05325185768709],[89.67781334810746,36.0819581157744]],[[89.64541222539384,34.9336819520604],[89.5836072117034,34.94091665348077],[89.56267825739565,34.956419583297134],[89.5716699562035,35.0733116722958],[89.47022912017769,35.189066881531346],[89.45405439679291,35.22462026651209],[89.48309655076514,35.266891588076305],[89.48046105333492,35.332210598340396],[89.49162316337822,35.35040070243048],[89.61869550959005,35.387168484238146],[89.74158206565977,35.45721588790286],[89.73677615789336,35.47876495983502],[89.69026736934359,35.508582261961806],[89.72282352078884,35.56625316055488],[89.71507205633031,35.64234670723471],[89.77232954287405,35.734614977299316],[89.79372358607458,35.80375804339894],[89.78876264777796,35.82685740804294],[89.74483768071434,35.83843292923626]],[[89.74483768071434,35.83843292923626],[89.67610802576473,35.83143077181262]],[[90.35963219626882,33.283808498963026],[90.30563032388028,33.29507396089457],[90.2432568703083,33.34801646608702],[90.19421593621644,33.431034654026064],[90.20320763502428,33.500074368237506],[90.15060102661607,33.57076772704892],[89.97510786303741,33.6305573591348],[89.95278364474939,33.715513414312625],[89.89221886630759,33.75561432554065],[89.88699954559252,33.81385366491469],[89.74189212402229,33.90950674124309],[89.68106896406141,33.983404039165066],[89.6401412287347,34.057973131554775],[89.63673058494851,34.09337148690457],[89.65796959761877,34.13096609101228],[89.73057498614668,34.14866527048582],[89.78659223834109,34.19853302687767],[89.81857994990474,34.31749217432434],[89.84446984160985,34.357954819859],[89.84028405056841,34.38332794942528],[89.79573896677988,34.4084168563528],[89.79108808774504,34.55411855712566],[89.76178755135436,34.662742417728396],[89.72499393112497,34.69648712847817],[89.71584720268623,34.72506419535631],[89.8120170429521,34.81229401275846],[89.82524620964483,34.84609040035167],[89.8079862806423,34.905983385225],[89.78767744305952,34.926395574696016],[89.72499393112497,34.938487860726184]],[[89.72499393112497,34.938487860726184],[89.64541222539384,34.9336819520604]],[[91.74936648987159,32.975429389254884],[91.54266076018587,33.080332546809586],[91.47517133958564,33.14066478125466],[91.36902794768162,33.28445445410972],[91.39993045362752,33.316519680039164],[91.36158654158561,33.336957708831164]],[[91.36158654158561,33.336957708831164],[91.17756676629318,33.33455475539762],[91.15291710803808,33.31468516738653],[91.13798261900263,33.26034739821381],[91.02036705869278,33.23357900646596]],[[90.77381880109675,33.139114488542816],[90.66033735588422,33.155857651809185],[90.4108435397975,33.2898029651347]],[[90.4108435397975,33.2898029651347],[90.35963219626882,33.283808498963026]],[[91.02036705869278,33.23357900646596],[90.94993208229971,33.23939260548434]],[[90.94993208229971,33.23939260548434],[90.84161828005955,33.15461741835912],[90.77381880109675,33.139114488542816]],[[91.99606977709851,32.84835704214373],[91.92439456635611,32.87150808453043],[91.81313520742384,32.96827220309967],[91.77887373183722,32.977806505166086]],[[91.77887373183722,32.977806505166086],[91.74936648987159,32.975429389254884]],[[92.23285119043004,32.74260122296806],[92.20324059387826,32.761540635891606],[92.18758263533033,32.815309964283415],[92.20231041879077,32.86354991269832],[92.10148969859068,32.88781199822512]],[[92.10148969859068,32.88781199822512],[91.99606977709851,32.84835704214373]],[[92.41909305200272,32.755907904925834],[92.37299767460297,32.771152452323804]],[[92.37299767460297,32.771152452323804],[92.32710900277823,32.75156708425351]],[[92.54900760301842,32.752264716243644],[92.45108076356632,32.769808865186974]],[[92.45108076356632,32.769808865186974],[92.41909305200272,32.755907904925834]],[[92.32710900277823,32.75156708425351],[92.29744673118165,32.762496650300136]],[[92.29744673118165,32.762496650300136],[92.23285119043004,32.74260122296806]],[[92.9066601908151,32.72694326442007],[92.85002282099634,32.72888112986021],[92.72729129365825,32.760558783061356]],[[92.72729129365825,32.760558783061356],[92.64998335195008,32.74043081353119]],[[92.64998335195008,32.74043081353119],[92.56109988814927,32.75272980423705]],[[92.56109988814927,32.75272980423705],[92.54900760301842,32.752264716243644]],[[93.05378299398996,32.65162486409616],[93.03125206922755,32.66351044455138],[93.00593061740403,32.73461721451281],[92.98588016223965,32.7436605901641]],[[92.98588016223965,32.7436605901641],[92.9066601908151,32.72694326442007]],[[95.4970963893868,31.741654568003867],[95.40676598476233,31.810668442894325],[95.39017785022759,31.887924710457014],[95.35431440598501,31.954406439805325],[95.35545128844615,31.97993459720385],[95.37250451007503,31.99941661248664],[95.42433597212738,32.0183043485668],[95.40661095603076,32.04352244670355],[95.42526614811419,32.094759630452586],[95.39622399324264,32.1620681830002],[95.317572462599,32.18426321097837],[95.26946170359469,32.24090057989781],[95.0782589046247,32.254517320218156],[94.9683948096727,32.31957794896317],[94.9513415871445,32.33722544979463],[94.93676883331494,32.43804616999472],[94.92436648982164,32.456029568509734],[94.85222619018651,32.50010956520424],[94.75522952672122,32.535456243710655],[94.72184655117735,32.592868760784654],[94.60051028781947,32.67583527277958]],[[94.60051028781947,32.67583527277958],[94.52056684778177,32.631264350569325],[94.41059940004226,32.59147349680444]],[[93.38223839728414,32.56625539776837],[93.34534142516662,32.577701727752526],[93.21852745957455,32.659789741503346],[93.15982303310648,32.669013984307924]],[[93.15982303310648,32.669013984307924],[93.08168826729968,32.66529328125989],[93.05378299398996,32.65162486409616]],[[94.41059940004226,32.59147349680444],[94.37039513512735,32.61824188945161]],[[94.37039513512735,32.61824188945161],[94.3508614439005,32.60609792747738],[94.33499677887818,32.54995148407369],[94.1782621601705,32.52225291633897],[94.11077273957022,32.478224596487905]],[[93.87740197092415,32.495381170904295],[93.83549238456584,32.511400865557505],[93.80200605713378,32.55519664231116],[93.7751343116991,32.56628123619009],[93.64465131990244,32.57351593671109]],[[93.64465131990244,32.57351593671109],[93.59716067942179,32.56457591384731],[93.49489302019668,32.514036362987724]],[[93.49489302019668,32.514036362987724],[93.47546268085802,32.51881643323179],[93.42755862832797,32.570337836022304]],[[93.42755862832797,32.570337836022304],[93.38223839728414,32.56625539776837]],[[97.7157206556837,32.54418956099943],[97.69634199408773,32.50127228428846],[97.6667313993346,32.48925751442272],[97.65277876223007,32.454944362892036],[97.63086795509201,32.44409231211051]],[[94.11077273957022,32.478224596487905],[94.0046293476662,32.48062754992145],[93.93093875531929,32.509618027949614]],[[93.93093875531929,32.509618027949614],[93.87740197092415,32.495381170904295]],[[97.63086795509201,32.44409231211051],[97.57671105307259,32.48148021154253],[97.37641320160793,32.50359772425554]],[[97.37641320160793,32.50359772425554],[97.3608585958475,32.500187079570026],[97.32628706279769,32.42357676895273],[97.33636396722329,32.40515411996665],[97.38478478369075,32.39254507089828],[97.39594689283479,32.371435248537864],[97.37486290889609,32.317304185839475],[97.38850548673878,32.28076894802848],[97.35977339112907,32.26048594796811]],[[97.35977339112907,32.26048594796811],[97.3146081888168,32.26650625346082]],[[97.3146081888168,32.26650625346082],[97.29166385290443,32.26495595984966],[97.26541222509405,32.2325806755577],[97.24479332914876,32.148477281101634],[97.25099450089544,32.12832347314975],[97.27657433513741,32.113802395264315],[97.25487023267505,32.075794379107265],[97.22510460829102,32.06297862446394]],[[97.22510460829102,32.06297862446394],[97.19978315556813,32.06796540028296]],[[97.19978315556813,32.06796540028296],[97.18350508029516,32.06460643244088],[97.15864871556573,32.02019053806288],[97.12407718341524,32.009338487281354]],[[97.12407718341524,32.009338487281354],[97.01808882024284,32.02290355075826]],[[97.01808882024284,32.02290355075826],[96.9145809266684,31.99014069283868]],[[96.9145809266684,31.99014069283868],[96.87174116432323,31.994352322301836]],[[96.87174116432323,31.994352322301836],[96.78549319885201,31.97104625118351]],[[96.78549319885201,31.97104625118351],[96.75412560401338,31.973836778244674]],[[96.75412560401338,31.973836778244674],[96.73769249910953,31.968850003324974],[96.73536705914245,31.951538398378375],[96.78967898989345,31.896838893999757],[96.74854454989105,31.823897610486313],[96.79665530799605,31.737365424174982],[96.77991214383036,31.691580105137746],[96.74931969624697,31.67760163051082]],[[96.74931969624697,31.67760163051082],[96.6495325048212,31.725712389515138],[96.46458255444128,31.760671495293252],[96.38267540874307,31.81847158509555],[96.33161909394602,31.89094778151491],[96.2781856632377,31.909060370339773]],[[96.2781856632377,31.909060370339773],[96.19705366389542,31.881930243386023],[96.144963820324,31.819453437026482],[96.14775434828448,31.77992096657931],[96.21291832891768,31.735117499473006],[96.2295064643518,31.702147935978417],[96.21462365126047,31.606753241169145],[96.23539757683665,31.56887441712064],[96.1930229015856,31.53474213274319]],[[95.78477908698522,31.694654853039026],[95.72504113174278,31.74635712298283],[95.62210167804994,31.762350979214318]],[[95.62210167804994,31.762350979214318],[95.4970963893868,31.741654568003867]],[[96.1930229015856,31.53474213274319],[96.16728803861207,31.5480488138017],[96.1247583346294,31.621532701472972],[96.10796349541891,31.688634548445634],[96.04533165942848,31.715454617036926]],[[96.04533165942848,31.715454617036926],[95.95236575737374,31.705403551033044]],[[95.95236575737374,31.705403551033044],[95.84885786289999,31.714266059530985]],[[95.84885786289999,31.714266059530985],[95.78477908698522,31.694654853039026]],[[97.7600590347966,33.85837291118088],[97.74212731312497,33.87501272255906],[97.73825158134537,33.94642955178239],[97.69567020141864,34.00523733193728]],[[97.69567020141864,34.00523733193728],[97.63892947791305,33.999578762549845],[97.62404666482166,33.94009918882648],[97.6102490582474,33.9308749460219],[97.38354455024074,33.8698709171091],[97.36483768131393,33.82579092131397],[97.39470665938478,33.736674913516424],[97.39052086834334,33.61138540311384],[97.41951134637151,33.5835576441699],[97.47738895143891,33.56224111623453],[97.50922163337162,33.47123891894091],[97.57996666902653,33.44643423105492]],[[98.30167972194158,33.84584137647835],[98.27558312376209,33.85196503295987],[98.26302575063784,33.90082509989844],[98.2276790712321,33.93413056107653],[98.03492597865096,33.95978790878496]],[[98.03492597865096,33.95978790878496],[97.99611697771633,33.95260488510735],[97.87550418477025,33.88191152629588],[97.7600590347966,33.85837291118088]],[[99.32936893113123,32.879672960138976],[99.27629723472955,32.89695872756323],[99.22529259587657,32.9989163275265],[99.19997114495231,33.017028917250684],[99.10064904241932,33.07245189114184],[98.90686242106386,33.13934703253949],[98.8520854023194,33.174874579098514],[98.77415734298694,33.29119822821565],[98.77849816275994,33.35026439078899],[98.75028283108776,33.461730455296276],[98.72919884624969,33.496973781914505],[98.69473066598738,33.521210029019585],[98.66336307204807,33.5898104918607],[98.62786136301145,33.615881253417115],[98.65375125471661,33.66572317228656],[98.57959557527556,33.742695217210496],[98.45794925265585,33.84010529182575],[98.39743615105749,33.86377309814992]],[[98.39743615105749,33.86377309814992],[98.30167972194158,33.84584137647835]],[[101.77753991113792,33.53004669909586],[101.7660677427321,33.47121308051925],[101.6910852400917,33.420285956032046],[101.66876102090436,33.382846381555225],[101.66514367064383,33.320395412718085],[101.71020552016859,33.29466054884523],[101.72694868433427,33.26778880520919],[101.62716149290856,33.11684194619886]],[[97.61164432222768,33.44868215575684],[97.65908328676426,33.420285956032046],[97.72429894424084,33.40612661425183],[97.7357711117474,33.38943512603021],[97.70114790185414,33.35654307690146],[97.61567508273885,33.32837942207266],[97.57516076036075,33.26401642531778],[97.49506228979283,33.18745779154381],[97.47645877455278,33.12030426682844],[97.504260695075,33.04560598412883],[97.49991987530194,33.00829559996197],[97.46870731009426,32.98253489856671],[97.40028771440643,32.957704373158265],[97.36096194863501,32.897036241029696],[97.37734337759474,32.861741238467346],[97.38416466696577,32.77918813672312],[97.43067345641487,32.70032990230311],[97.57423058527326,32.62136831329701]],[[97.57996666902653,33.44643423105492],[97.61164432222768,33.44868215575684]],[[101.62716149290856,33.11684194619886],[101.59196984313371,33.12955434805468],[101.48055545457055,33.22479401323312],[101.42717369980636,33.236162827952114]],[[101.42717369980636,33.236162827952114],[101.40154218962033,33.22500071880813],[101.38650434779737,33.18329783802477],[101.37425703303558,33.17864695898993]],[[101.37425703303558,33.17864695898993],[101.32428592295696,33.20234060283656]],[[101.32428592295696,33.20234060283656],[101.22000288302661,33.17061127369129],[101.16414065956377,33.12808156970863],[101.12796715695868,33.02273916348162],[101.12719201060276,32.95411286131946],[101.14553714432373,32.91698334430589],[101.22604902514234,32.8697252469226],[101.23659101756135,32.80750682208213],[101.17080691930386,32.68834096906045],[101.118665398889,32.66723114670003]],[[99.96607425292439,32.939023341753796],[99.91858361244374,32.96803965910294],[99.86675215039139,33.02870779123157]],[[99.86675215039139,33.02870779123157],[99.84096561057441,32.95700674116813],[99.778747185734,32.92974742300515],[99.76365766796698,32.911479804549344],[99.76262413919261,32.84698761748456],[99.71404829309421,32.74273041417723]],[[100.20797163328422,32.63480418646401],[100.1255993995926,32.65831696225797],[100.12167199096956,32.67914256377827],[100.15769046394371,32.7506369082667],[100.1490088243977,32.82815155734846],[100.04689619300484,32.93548350675843],[100.01232465995503,32.94646474874912]],[[100.01232465995503,32.94646474874912],[99.96607425292439,32.939023341753796]],[[99.71404829309421,32.74273041417723],[99.52491255077354,32.83039948205044],[99.39685835173151,32.8527753771819],[99.34941938719493,32.879827988870545]],[[99.34941938719493,32.879827988870545],[99.32936893113123,32.879672960138976]],[[100.53120771676265,32.40339712257912],[100.48774783679318,32.432568467760575],[100.46800743999131,32.47385793739386],[100.48309695775833,32.49817169886478],[100.5448502946054,32.537187405374425],[100.55973310769673,32.56873586736634],[100.5086767920003,32.628344631399614],[100.48878136556755,32.68361257655914],[100.3994328146726,32.75838837272522]],[[100.3994328146726,32.75838837272522],[100.34625776638279,32.737588608727265]],[[100.34625776638279,32.737588608727265],[100.31039432214021,32.73872549118846]],[[100.31039432214021,32.73872549118846],[100.25499718577146,32.72580638285825],[100.23045088120318,32.64555288355871],[100.20797163328422,32.63480418646401]],[[100.92146813374734,32.62622589790686],[100.84633060057672,32.66079743095668],[100.6849451028342,32.68642894114271]],[[100.6849451028342,32.68642894114271],[100.67192264171649,32.6766104191355],[100.6793640478125,32.64209056202981],[100.64293216278907,32.59449656786228],[100.6350256686996,32.52618032496201],[100.60303795803532,32.451223659844004],[100.53120771676265,32.40339712257912]],[[101.118665398889,32.66723114670003],[101.07696251810569,32.68164887089864]],[[101.07696251810569,32.68164887089864],[100.99639896044363,32.64229726850414],[100.92146813374734,32.62622589790686]],[[97.59469445158766,32.62361623799899],[97.62063602103552,32.5880111761748],[97.7157206556837,32.54418956099943]],[[97.57423058527326,32.62136831329701],[97.59469445158766,32.62361623799899]],[[95.04632286990449,39.14727488882505],[94.98193403472789,39.15683502931313],[94.91987064041768,39.19616079418529],[94.72463707913784,39.23683014619428],[94.63105106035812,39.29537954393078],[94.47932905499187,39.317832953428024],[94.14989179886737,39.324266669171436]],[[94.14989179886737,39.324266669171436],[93.89817589739971,39.28483755151177]],[[93.79673506137397,39.29791168947287],[93.74397342333481,39.30891876898596]],[[93.74397342333481,39.30891876898596],[93.62615115834922,39.27770620377828]],[[93.89817589739971,39.28483755151177],[93.81967939728634,39.298170070991944]],[[93.81967939728634,39.298170070991944],[93.79673506137397,39.29791168947287]],[[93.62615115834922,39.27770620377828],[93.53912804562276,39.28060008452627]],[[93.53912804562276,39.28060008452627],[93.50202436703086,39.27191844318156],[93.40523441003995,39.21698639570559],[93.25997195793946,39.18729828478797]],[[98.06861901165803,38.80184377736839],[98.02050825355303,38.836234443264914],[97.69758222933638,38.981031806472686],[97.6749479508872,39.00500967115937],[97.37486290889609,39.145750434534875],[97.13746137883953,39.20316294981029],[97.0827877137819,39.20347300907207]],[[97.0827877137819,39.20347300907207],[97.00584150638036,39.187582506527406],[96.96160648005497,39.11208323815089],[96.99121707570743,39.00056549680022],[96.97090823812465,38.864191393418025],[96.98119184812526,38.74430206998454],[96.97054650291875,38.68301382113094],[96.93985070164854,38.65345490232187],[96.97121829558785,38.56725861279472],[96.95866092336286,38.38719208454705],[96.94548343261431,38.35822744404129],[96.91225548670133,38.35083771388935]],[[93.25997195793946,39.18729828478797],[93.14034101782369,39.198744614772124]],[[93.14034101782369,39.198744614772124],[93.00179650320604,39.145982978531606]],[[95.73883873921642,38.872201240295],[95.68700727716407,38.89553314893567],[95.60194787009806,38.97095490204708],[95.57828006377389,39.00811025658305],[95.46092288588244,39.04660919915517],[95.30532514873659,39.182776597861675]],[[95.30532514873659,39.182776597861675],[95.21856041932784,39.160400701830895]],[[95.21856041932784,39.160400701830895],[95.13582645132965,39.16363047936312]],[[95.13582645132965,39.16363047936312],[95.04632286990449,39.14727488882505]],[[93.00179650320604,39.145982978531606],[92.9359607281051,39.15285594294738]],[[98.9884078306568,38.97428803236676],[98.96210452690235,38.981755275985165],[98.90190148276719,39.03557628032104],[98.74702721603313,39.07061290136426]],[[98.74702721603313,39.07061290136426],[98.69643598833017,39.0005138208561],[98.62786136301145,38.95679555936755],[98.57494469624072,38.946098538216916]],[[98.4622900742275,38.955581163439945],[98.42875206905268,38.96351349505176],[98.38348351395297,39.00919546220081],[98.32431399859212,39.02325145119352]],[[98.32431399859212,39.02325145119352],[98.28400638178903,38.98343475990623],[98.26256066264443,38.93168081311899],[98.10288048724465,38.81460785606765],[98.06861901165803,38.80184377736839]],[[100.15846561119895,38.20743561556117],[100.07903893419939,38.27843903273515],[100.00064578687352,38.314405828865915],[99.79988284741546,38.36572052698074],[99.55715864475559,38.515375474798304],[99.49633548389545,38.60110667633205],[99.44589928582332,38.62544627532532],[99.35980634998305,38.70564809778148],[99.0992537784391,38.8896420355515],[99.08555952375298,38.91364573776059],[99.09475792813583,38.95777741129848],[99.04122114464008,38.97803457293719]],[[99.04122114464008,38.97803457293719],[98.9884078306568,38.97428803236676]],[[98.57494469624072,38.946098538216916],[98.52714399559886,38.95715729457345]],[[98.52714399559886,38.95715729457345],[98.4622900742275,38.955581163439945]],[[96.08553592344407,38.66743337694879],[96.0451766297976,38.68797475852824],[96.01861494272538,38.74590403953977],[95.89185265487606,38.783653673278366],[95.75811404802488,38.87354482743183]],[[95.75811404802488,38.87354482743183],[95.73883873921642,38.872201240295]],[[96.23276207940643,38.63252594711474],[96.11018558079985,38.67006887527833]],[[96.11018558079985,38.67006887527833],[96.08553592344407,38.66743337694879]],[[96.91225548670133,38.35083771388935],[96.74916466661602,38.37938894324509],[96.67624922062498,38.41527822501007],[96.53243371024752,38.45765290026111],[96.50432173136278,38.479925441705745],[96.51300337090879,38.52891469985349],[96.50261640812067,38.54901683186125],[96.39445763461208,38.58239980740518],[96.28335330621007,38.63531647417591]],[[96.28335330621007,38.63531647417591],[96.23276207940643,38.63252594711474]],[[100.44180748902437,38.289911201141024],[100.33023807172958,38.320710354299365],[100.28042199128186,38.37163747788725],[100.23577355290712,38.39460765222134],[100.20347578298095,38.441348984767785],[100.12570275327943,38.49093252211816]],[[100.12570275327943,38.49093252211816],[100.09857262632562,38.477264105853806],[100.08306969560994,38.394504299433834],[100.11557417201038,38.33396535941381],[100.15552005360757,38.30277863172847],[100.17035118985547,38.22800283556239],[100.15846561119895,38.20743561556117]],[[101.78544640522739,37.52050080037162],[101.74648237466181,37.536959743697196],[101.69253218001603,37.59837718376002],[101.64654015540378,37.611864731971764],[101.29291832901765,37.79893341674375],[101.04978071520782,37.9637295600711],[100.63574913911145,38.10540049943347],[100.60195275331688,38.12744049688138],[100.57993859339132,38.20893423142962],[100.55430708230597,38.25208405213726],[100.48247684103336,38.290841376228514]],[[100.48247684103336,38.290841376228514],[100.44180748902437,38.289911201141024]],[[102.15379601417465,37.40658010468803],[102.04010786338716,37.46484528338311],[102.03369998606547,37.492388821486884],[102.06723799034091,37.548302720893844],[102.06212202421199,37.56576935547133],[101.99587283706171,37.61450023030136],[101.97199832606185,37.72038523978699],[101.95628868977116,37.740048123122335]],[[101.95628868977116,37.740048123122335],[101.8275110212166,37.617704169411866],[101.8129382673871,37.54375519554583],[101.78544640522739,37.52050080037162]],[[102.8297754248959,36.32258942336318],[102.8125671727368,36.33762726518614],[102.76972741129094,36.49756582300432],[102.73587934775367,36.52893341694363],[102.69815555243673,36.60887685788066],[102.61082238224708,36.657194322459986],[102.59190880684594,36.68727000610585],[102.605396355957,36.723081773505044],[102.67645145087374,36.7499535180404],[102.67862186120988,36.7950412050875],[102.58880822142225,36.85744049708126],[102.54819054625665,36.906739814490834],[102.46075402238017,36.951465766332035],[102.49584232026683,37.08910594338454],[102.549844191756,37.11884573024622],[102.55914594892636,37.13447785127181],[102.55061933811191,37.16383006450587],[102.42664757732382,37.27806081855192],[102.35057986906565,37.30283966711693],[102.24552168188006,37.38087108013622],[102.16749026886077,37.40890554555449]],[[102.16749026886077,37.40890554555449],[102.15379601417465,37.40658010468803]],[[102.97601972892733,35.833291123786296],[102.9827893405556,35.85610626938882],[102.9684749691445,35.93269074248377],[102.99953250472129,35.990749212905826],[102.92842573386048,36.067824612415905],[103.04035688726049,36.2164977083026],[102.98103234316807,36.26073273372867],[102.94211998944593,36.269259345442435],[102.89447431843502,36.3094119335139],[102.85328820158918,36.32346792340593]],[[102.85328820158918,36.32346792340593],[102.8297754248959,36.32258942336318]],[[102.83752689025374,35.86075714842366],[102.87292524560354,35.846365260848074]],[[102.73541425976026,35.830423082359346],[102.78755578017507,35.8600336780118],[102.83752689025374,35.86075714842366]],[[102.89979699103827,35.84995677268688],[102.97601972892733,35.833291123786296]],[[102.87292524560354,35.846365260848074],[102.89979699103827,35.84995677268688]],[[102.70497684090844,35.8395181339547],[102.73541425976026,35.830423082359346]],[[102.68740685444271,35.51462840407754],[102.70218631384728,35.52403351493473],[102.72239179864255,35.588525701999515],[102.67986209465988,35.75683584190057],[102.70497684090844,35.8395181339547]],[[102.55583865792767,35.53777944646424],[102.68740685444271,35.51462840407754]],[[102.38458296133456,35.42853546823727],[102.42644087084949,35.43530508076486],[102.49072635323859,35.5111144075039],[102.55583865792767,35.53777944646424]],[[102.337557407948,35.43039582021089],[102.38458296133456,35.42853546823727]],[[102.27967980288054,35.27877716673282],[102.26024946534051,35.2903526879262],[102.29921349500677,35.35060740800543],[102.28929162021205,35.40693471946173],[102.29812829028833,35.4206289741478],[102.337557407948,35.43039582021089]],[[101.87608686731505,34.750385647179826],[101.91567101370629,34.76493256348698],[101.92383589111347,34.797592067719734],[101.912828810701,34.844798489158904],[101.93241417787198,34.87898244948042],[102.00936038617283,34.942131049408374],[102.08465294807507,34.957375596806344],[102.19482710228891,35.03760325858349],[102.26712242975628,35.0558708770393],[102.3205041854198,35.1372612570014],[102.37445438006557,35.17356395081566],[102.37559126162739,35.203691311304965],[102.33414676326248,35.24076915147515],[102.31771365835863,35.27497895021838],[102.29497602712189,35.27991404919402]],[[102.29497602712189,35.27991404919402],[102.27967980288054,35.27877716673282]],[[101.8520056498408,34.763149725879146],[101.87608686731505,34.750385647179826]],[[101.81805423441534,34.623597520009525],[101.77273400337151,34.649409898248166],[101.75165001763418,34.69245636706768],[101.76498253801367,34.7148064228781],[101.81944949659697,34.73426259973917],[101.8520056498408,34.763149725879146]],[[102.01339114758338,34.53598012987908],[101.94729699096331,34.56918223737034],[101.92900353408578,34.598715317757694],[101.92104536315293,34.65251048457117],[101.90089155520104,34.665016180852035]],[[101.90089155520104,34.665016180852035],[101.84347903902636,34.627059841538426],[101.81805423441534,34.623597520009525]],[[102.13911990755764,34.28137034856269],[102.16221927310096,34.29413442636269],[102.17674035008707,34.33361522086574],[102.2123454119112,34.35154694343669],[102.21141523592433,34.3833796253694],[102.14573449135366,34.49980662727398],[102.0528202661423,34.53913239214614]],[[102.0528202661423,34.53913239214614],[102.01339114758338,34.53598012987908]],[[100.93526574122092,34.386325182061455],[101.06078779472091,34.32958445945519],[101.22635908440418,34.299637966119235]],[[101.03133222869934,33.87702810326431],[101.00895633266856,33.88149811514586],[100.9479781430768,33.92976390198248],[100.89289106596988,34.02960277025164],[100.79170861236253,34.15486644133318],[100.7799263855942,34.19160838471913],[100.81547977057494,34.29459951435609],[100.93526574122092,34.386325182061455]],[[101.2343689312811,34.30085236294616],[101.24294721893898,34.30010305411264]],[[101.22635908440418,34.299637966119235],[101.2343689312811,34.30085236294616]],[[101.25602135600076,34.30049062774026],[101.32366580623193,34.259511217368754],[101.49636844274937,34.218118394947965]],[[101.24294721893898,34.30010305411264],[101.25602135600076,34.30049062774026]],[[102.10713219599398,34.282248846806795],[102.13911990755764,34.28137034856269]],[[101.99897342338471,34.17393504546595],[102.02052249621619,34.186518256112606],[102.02739546063196,34.22778188732423],[102.06320722893042,34.23822052695573],[102.0765397484106,34.26697846098716],[102.10713219599398,34.282248846806795]],[[101.51714236922493,34.21938446681969],[101.61165856309219,34.19124665041255],[101.64716027212881,34.136004544574064],[101.7188871597146,34.10339671538611]],[[101.49636844274937,34.218118394947965],[101.51714236922493,34.21938446681969]],[[101.98254031758154,34.17520111733768],[101.99897342338471,34.17393504546595]],[[101.93055382679762,34.13233551747015],[101.96155968643035,34.140448717134575],[101.98254031758154,34.17520111733768]],[[101.87236616426702,34.147786770443076],[101.93055382679762,34.13233551747015]],[[101.78038211504253,34.06750743272181],[101.87236616426702,34.147786770443076]],[[101.72896406503952,34.10871938709005],[101.73759402864147,34.08887563750062],[101.78038211504253,34.06750743272181]],[[101.7188871597146,34.10339671538611],[101.72896406503952,34.10871938709005]],[[101.07448205030636,33.86165436555649],[101.03479455022824,33.87702810326431]],[[101.03479455022824,33.87702810326431],[101.03133222869934,33.87702810326431]],[[101.17049686094134,33.65443187103398],[101.16026492688485,33.66414704025368],[101.16553592264466,33.75600189916827],[101.15483890239341,33.80545624441015],[101.12946577372645,33.85064728424476],[101.10285241071017,33.86258453974472]],[[101.10285241071017,33.86258453974472],[101.07448205030636,33.86165436555649]],[[101.7074149922081,33.50436351206639],[101.61336388633424,33.51185659410652],[101.57688032356805,33.630505683190734],[101.54711469918396,33.67608429575364],[101.50892581587368,33.704868069106055]],[[101.50892581587368,33.704868069106055],[101.44376183524048,33.67840973572072],[101.39963016170253,33.64507843702023],[101.34940066920547,33.63712026608738]],[[101.34940066920547,33.63712026608738],[101.2148869159983,33.674611518306904]],[[101.2148869159983,33.674611518306904],[101.17049686094134,33.65443187103398]],[[101.77753991113792,33.53004669909586],[101.74679243392364,33.52766958318472],[101.7074149922081,33.50436351206639]],[[114.38560753765773,40.35523733183737],[114.30535403925751,40.362032782786684],[114.28576867118716,40.37856924137736],[114.2562097505795,40.55747304874217],[114.22902794768163,40.600028591146554],[114.15626753132142,40.66387482396391],[114.15409712098528,40.74257803055167]],[[114.05058922741091,40.08561554622048],[114.06593712759627,40.09305695231649],[114.07492882730344,40.15997793213586],[114.09963016240204,40.19682322920863],[114.45030643119685,40.29376821493116],[114.51066450406358,40.324980781038164],[114.49221601755517,40.34839020404468],[114.43366661981861,40.36053416601891]],[[114.43366661981861,40.36053416601891],[114.38560753765773,40.35523733183737]],[[114.00046308770129,40.13248606997615],[114.05058922741091,40.08561554622048]],[[114.33656660356587,39.86012543414142],[114.23321373872307,39.87642934783611],[114.17843672087793,39.90578156196949],[114.05803063440624,39.92448842999704],[114.00945478740846,39.9807123895651],[113.93328372636279,40.017816067257684],[113.92362023308726,40.03621287692272],[113.93421390234971,40.06070750644625],[114.00046308770129,40.13248606997615]],[[114.21631554582575,39.06903677023075],[114.2679919782471,39.08208506887081],[114.31667117713312,39.136707057984324],[114.37785607319915,39.15740346919472],[114.40111046837342,39.177712306777494],[114.41397789896087,39.20768463853523],[114.42033410033844,39.299978746122235],[114.45945315963559,39.33816763033184],[114.46839318160005,39.39010244427237],[114.53505577990029,39.49893301045006],[114.53639936703712,39.54440827112478],[114.47108035677297,39.601381536828455],[114.43046268070805,39.61267283808098],[114.40214399624836,39.65845815711822],[114.40545128814642,39.826509915500196],[114.39366906137809,39.852089748842786],[114.37299848768998,39.86314850519932]],[[114.37299848768998,39.86314850519932],[114.33656660356587,39.86012543414142]],[[114.02118533733335,39.1192662618285],[114.11668338403092,39.065574448701796]],[[113.91493859264187,39.082937730491835],[114.02118533733335,39.1192662618285]],[[113.88749840732555,39.08459137599118],[113.91493859264187,39.082937730491835]],[[113.74833377508355,36.86157461217857],[113.77081302300257,36.868189195075274],[113.77603234281833,36.89061676705012],[113.77344852133217,36.98373769783649],[113.74843712787106,37.051485500855165],[113.75432824125528,37.11494415914558],[113.85768110609808,37.208943589974695],[113.89695519412692,37.312244777974115],[114.05151940339772,37.49796987650859],[114.0918786970442,37.58323598914956],[114.10645145087369,37.66938060183327],[114.10040530785864,37.69819021270814],[114.02635298120504,37.75077098179537],[113.98713056822112,37.83903432887115],[113.92641076104769,37.92357697199964],[113.89147749189272,37.94946686550344],[113.79065677259189,38.152865302391774],[113.74580163044084,38.16180532525556],[113.67598676987348,38.212241523327634],[113.53945763596107,38.252135728980704],[113.51739179919218,38.36871776051623],[113.54286827974727,38.439256089696755],[113.53211958175325,38.519871324202256],[113.55248009617947,38.56617340807628],[113.60896243726665,38.64446320171538],[113.68094770727078,38.66776927283365],[113.69055952370297,38.71355459187089],[113.74874718623357,38.72947093373659],[113.82512495285425,38.81026703539533],[113.82605512884106,38.82365123081962],[113.76879764229727,38.891192328263344],[113.7554651228171,38.939535631264334],[113.77127811099604,38.96772512541418],[113.81582319478457,38.99480357552454],[113.85334028542582,39.07229238528532],[113.88749840732555,39.08459137599118]],[[114.16680952374043,39.07322256127219],[114.21631554582575,39.06903677023075]],[[114.11668338403092,39.065574448701796],[114.16680952374043,39.07322256127219]],[[113.69986128087339,36.87488129323708],[113.74833377508355,36.86157461217857]],[[113.72104861939818,36.35586904611955],[113.69148969879052,36.39532400220094],[113.63082156756127,36.43808624928096],[113.5351168152888,36.48338064190307],[113.53304975774006,36.51627269103187],[113.54736413005048,36.54851878501387],[113.50638471877971,36.603218289392544],[113.45501834472077,36.6401927758759],[113.46897098182535,36.68964712201705],[113.4383785342419,36.71946442324452],[113.46354495733385,36.73964407051744],[113.6077738788614,36.76907379811729],[113.6646696310986,36.81994924576105],[113.6792423849281,36.87159983976079],[113.69986128087339,36.87488129323708]],[[114.15409712098528,40.74257803055167],[114.06345665889762,40.69250356678617],[114.0284200378544,40.642429103919994],[114.03348432803921,40.60077789998007],[114.08159508704364,40.5396188423357],[114.07570397276004,40.502696030897084],[114.04376793803988,40.48799408585836],[113.8961283709275,40.469158027520905],[113.76549035039932,40.42730011710671]],[[113.76549035039932,40.42730011710671],[113.69820763627331,40.431795966510606]],[[113.69820763627331,40.431795966510606],[113.50684980677318,40.339088446874314],[113.35135542241471,40.31839203476454]],[[113.35135542241471,40.31839203476454],[113.29688846203283,40.3319054231967],[113.24355838411213,40.407146308255506],[113.19312218604,40.425439765133035]],[[113.19312218604,40.425439765133035],[113.0864620301985,40.404433295560125],[112.95055301301113,40.35043142317164],[112.8157292014414,40.202430120853364],[112.71563195165322,40.17098501254827]],[[112.71563195165322,40.17098501254827],[112.60468265198278,40.23436615737222],[112.40981082590883,40.28963410073317]],[[112.40981082590883,40.28963410073317],[112.27927615816816,40.22896596950386],[112.16507124164445,40.05931224246598],[112.09897708502444,40.00543956218604],[111.9925236347579,39.8235126819647],[111.95293948836667,39.782119859543855],[111.92146853984121,39.688843899126596],[111.84695112519421,39.6287958855217],[111.75140140165331,39.59779002498965]],[[111.75140140165331,39.59779002498965],[111.70825158094567,39.6096239277021],[111.67486860630112,39.63592723235587],[111.48991865412256,39.65215363258403]],[[111.48991865412256,39.65215363258403],[111.45297000516155,39.64525482794795],[111.46346032073717,39.620269272908615],[111.45390018114841,39.617375393059945]],[[111.45390018114841,39.617375393059945],[111.42537479021433,39.62538523993686]],[[111.42537479021433,39.62538523993686],[111.42118899917295,39.522135728780825],[111.37276818180612,39.48916616528629],[111.34269249905952,39.44441437412405],[111.2842981300546,39.42493235884126]],[[111.2842981300546,39.42493235884126],[111.19944542856365,39.427154446020836]],[[111.19944542856365,39.427154446020836],[111.13459150629296,39.41059214900844],[111.11004520082531,39.38519318281914]],[[111.15102461119682,39.35723623356529],[111.11004520082531,39.38519318281914]],[[110.42745120720741,37.010273546486985],[110.44527957609154,37.02161652278426],[110.41799441860746,37.035259101526265],[110.46005903459672,37.051278795280155],[110.50894493995696,37.10166331650885],[110.5371602716292,37.155458482423],[110.63400190636287,37.250956529120515],[110.64392378115753,37.274831041019695],[110.66500776599554,37.2822724471157],[110.687383661127,37.35722911223371],[110.63369184800035,37.379320787424376],[110.63710249178655,37.418233141146516],[110.73880171113001,37.46954783836202],[110.78877282120868,37.56142853389969],[110.76681033722724,37.637935491729536],[110.79476728738035,37.65842519826424],[110.77916100477648,37.678372301540435],[110.7053670587427,37.713667304102785],[110.74402103094576,37.732529201761224],[110.75306440569773,37.74575836845389],[110.74293582622738,37.76487864853078],[110.65338056795878,37.81319611311011],[110.5771578309691,37.93138011330154],[110.51504275891614,37.95499624278233],[110.49995324114911,38.090440171976354],[110.51121870308066,38.20219045732375],[110.56883792483035,38.22696930588876],[110.59018029208676,38.29678416645612],[110.67120893774222,38.31698965125139],[110.74634647001352,38.377812812111586],[110.77425174422257,38.42623362947842],[110.83393802262162,38.44592235033616],[110.85977623928198,38.46803986304923],[110.89941206341592,38.545451158444166],[110.90085900334032,38.58046194106572],[110.87181684756939,38.621363837071385],[110.98033735628394,38.81664907519462],[111.00359174965945,38.902586982303376],[110.97289594928856,38.97428803236676],[110.99501346200162,39.00384695117583],[111.0889612159873,39.04257843684536],[111.11800337085884,39.06743480157479],[111.15846601819214,39.17290639901108],[111.22673058514835,39.297033189430124],[111.22487023317467,39.31054657606359],[111.18518273309661,39.33057119370562],[111.16699262900659,39.3647809924488]],[[111.16699262900659,39.3647809924488],[111.15102461119682,39.35723623356529]],[[110.38946902857276,37.02195242046781],[110.42745120720741,37.010273546486985]],[[110.39339643809512,36.78080434804218],[110.41799441860746,36.816151028347235],[110.4040934592457,36.837364203495156],[110.41117313013581,36.849663194201014],[110.36957360214001,36.89123688377515],[110.39510176043785,36.90704987195403],[110.4183044778693,36.96730459203326],[110.37308759961297,37.007327988895554],[110.38946902857276,37.02195242046781]],[[110.38605838388725,36.78111440730402],[110.39339643809512,36.78080434804218]],[[110.41799441860746,36.73359792750233],[110.41799441860746,36.754087633137715],[110.38021894734652,36.77002981252582],[110.38605838388725,36.78111440730402]],[[110.4214050641923,36.692644355552545],[110.43933678586393,36.74233124389178]],[[110.43933678586393,36.74233124389178],[110.41799441860746,36.73359792750233]],[[110.40078616734769,36.69892304076569],[110.4214050641923,36.692644355552545]],[[110.51969363795098,35.88520010020443],[110.44724327995334,36.14187693906945],[110.44527957609154,36.18554352551325],[110.4731848494012,36.26372996726417],[110.45897382987829,36.349409491954475],[110.4989197123748,36.524592597170624],[110.4831584010393,36.593012192858396],[110.39380984924509,36.68238658307433],[110.40078616734769,36.69892304076569]],[[110.33541548113948,34.61582021712928],[110.2982084488608,34.621272080941765],[110.25226810109194,34.663259182565184],[110.237436964844,34.80139028603287],[110.27247358588721,34.88159210938829],[110.25965783124389,34.94476654683865],[110.33541548113948,35.19800690439513],[110.3728292180939,35.25541942056981],[110.4248157079785,35.29422842150444],[110.49654259556428,35.404092516456444],[110.54770226404821,35.438224799035254],[110.56310184107707,35.490805569021745],[110.55617719891853,35.508582261961806],[110.60289269394264,35.55429006573394],[110.61984256368333,35.59725902018761],[110.57560753825726,35.71254914053037],[110.56041466680341,35.84918162723028],[110.53085574799434,35.88711212812217]],[[110.53085574799434,35.88711212812217],[110.51969363795098,35.88520010020443]],[[110.33603559786451,34.61584605645032],[110.33541548113948,34.61582021712928]],[[113.9848051291533,25.422324530952324],[113.92754764171025,25.44811106986998]],[[114.02604292194326,25.26765696889396],[114.00418379074927,25.280653590690633],[114.0255778339498,25.33362193520412],[114.01209028483868,25.435114448073307]],[[114.01209028483868,25.435114448073307],[113.9848051291533,25.422324530952324]],[[114.42488162568645,24.499590156160764],[114.39087853431681,24.5111140005107],[114.36245649617035,24.56521922478737],[114.28938602144774,24.595630805217468],[114.24809655181434,24.64467173930933],[114.1821574239259,24.659166977873724],[114.1696000508017,24.67469574611175],[114.26938724222737,24.732780055854903],[114.31470747327126,24.774741319056602],[114.34307783367501,24.835693671126023],[114.38359215695243,24.884682929273765],[114.3910335630485,24.942870591804365],[114.4135128109674,24.979690050455474],[114.47464603108938,25.004365546232975],[114.5575350278192,25.059685167336568],[114.6335510601333,25.075782376355562],[114.67096479708766,25.10371348718769],[114.72930748924921,25.118880520219818],[114.73070275322948,25.129422511739506],[114.68305708221851,25.16345144332945],[114.7167501161249,25.245616970546735],[114.71003218044075,25.28483938173207],[114.5899361514322,25.34791046819356],[114.56931725458753,25.40687327708008],[114.54590783068181,25.415942491153032]],[[114.54590783068181,25.415942491153032],[114.47883182213081,25.38232697251175]],[[114.47883182213081,25.38232697251175],[114.43976443877773,25.38953583371176]],[[114.43976443877773,25.38953583371176],[114.38436730420767,25.335301419125187],[114.27884402902862,25.29181570073399]],[[114.20277631987119,25.295226345419508],[114.1404545431426,25.311142686385836]],[[114.1404545431426,25.311142686385836],[114.02604292194326,25.26765696889396]],[[114.27884402902862,25.29181570073399],[114.24360070241039,25.295975654253027]],[[114.24360070241039,25.295975654253027],[114.20277631987119,25.295226345419508]],[[115.88753136617959,24.916773992725552],[115.90815026302414,24.880057887761268],[115.89326744993286,24.86990346896988]],[[115.89326744993286,24.86990346896988],[115.83595828744501,24.875846259197488]],[[115.83595828744501,24.875846259197488],[115.78727908676035,24.860911770162033],[115.75498131683423,24.81959646210703],[115.74955529234285,24.74234019634298],[115.78200809100053,24.690999660705756],[115.78262820772557,24.62299347616795],[115.79921634315963,24.57273814524916],[115.78335167903674,24.56036164017752]],[[115.69942915173397,24.545272122410495],[115.59917687411337,24.609066677485146],[115.54956749924065,24.679036566784134],[115.4964441259956,24.709913235207637],[115.44729983911623,24.773139350400697],[115.42058312421182,24.78455984106381]],[[115.42058312421182,24.78455984106381],[115.34828779494569,24.76686066338891],[115.33278486512938,24.746706855437026]],[[115.33278486512938,24.746706855437026],[115.28653445809869,24.763579209912564]],[[115.28653445809869,24.763579209912564],[115.23966393434307,24.746112576234395],[115.17558515842825,24.693635159035352],[115.11445193920554,24.68412669539066]],[[115.11445193920554,24.68412669539066],[115.05300866072105,24.70748444335237]],[[115.05300866072105,24.70748444335237],[115.02396650584956,24.68818329522287],[114.93337771970596,24.665161444944715],[114.88402672725158,24.596690172413503],[114.86268436089449,24.58782766391556]],[[114.86268436089449,24.58782766391556],[114.82568403509015,24.620771388988373],[114.76790978370946,24.633793850106088]],[[114.76790978370946,24.633793850106088],[114.73318322102875,24.618368435554828],[114.7187654968302,24.562196152830154],[114.69153201708889,24.55041392696114]],[[114.69153201708889,24.55041392696114],[114.64192264221617,24.58526967995175]],[[114.64192264221617,24.58526967995175],[114.56089399566133,24.55095652932033]],[[115.78335167903674,24.56036164017752],[115.76867557241974,24.560645860118314]],[[115.76867557241974,24.560645860118314],[115.69942915173397,24.545272122410495]],[[114.56089399566133,24.55095652932033],[114.52585737461811,24.555994981083472]],[[114.52585737461811,24.555994981083472],[114.48286258264204,24.548966987036806],[114.42488162568645,24.499590156160764]],[[118.17628055230557,28.041001898718605],[118.3637626491269,28.093608507126874],[118.38066084202421,28.178487047039596],[118.34887983603551,28.21980235419528],[118.44644494028171,28.288687038775777]],[[118.14868533735842,28.044696764244236],[118.17628055230557,28.041001898718605]],[[118.06130049032527,27.979016017874926],[118.14868533735842,28.044696764244236]],[[118.02610883965122,27.984054470537387],[118.06130049032527,27.979016017874926]],[[117.98125369660079,27.97214305345915],[118.02610883965122,27.984054470537387]],[[117.52179853667303,27.97444265410519],[117.54443281512226,27.966665351224947],[117.55745527623992,27.931525377394223],[117.61362755716596,27.859462592124885],[117.7455574888869,27.81328970035935]],[[117.32827029773603,27.85956594491239],[117.52179853667303,27.97444265410519]],[[117.95934288856336,27.974158434164394],[117.98125369660079,27.97214305345915]],[[117.7455574888869,27.81328970035935],[117.78508996023345,27.847887070931563],[117.79005089673149,27.90256073688846],[117.81242679186289,27.932378038115928],[117.95934288856336,27.974158434164394]],[[117.298504673352,27.865689602293287],[117.32827029773603,27.85956594491239]],[[117.1114876654234,27.337995713831106],[117.0976900570505,27.37528026047562],[117.12466515527262,27.429928087111534],[117.1042012880589,27.49168142305922],[117.10575158077074,27.55408071505292],[117.2251241393675,27.723450222150007],[117.28713585773357,27.772620348350358],[117.2842419778849,27.857033800269676],[117.298504673352,27.865689602293287]],[[116.91708092734291,27.020624905315117],[117.0401225121442,27.10953420753765],[117.07660607311175,27.18849579474511],[117.15381066293173,27.27639740751431],[117.15381066293173,27.3005303000333],[117.12549197757266,27.344041855946898]],[[117.12549197757266,27.344041855946898],[117.1114876654234,27.337995713831106]],[[116.88462812688647,27.02664520900919],[116.91708092734291,27.020624905315117]],[[116.69673261891523,26.978766994900866],[116.76747765457003,27.008093369713208],[116.8352771344322,27.0106513527777],[116.88462812688647,27.02664520900919]],[[116.67487348772124,26.989386501685658],[116.69673261891523,26.978766994900866]],[[116.56702477437375,26.377511705300947],[116.59803063400648,26.402703965915293],[116.61988976430109,26.49822785103447],[116.57431115083887,26.515513617559407],[116.54232344017453,26.562797553364362],[116.5351920924411,26.630674546692944],[116.50682173113796,26.68090403919001],[116.50661502466357,26.716457424170756],[116.53178144685626,26.761596788061297],[116.54774946466603,26.872933661359355],[116.61389529812948,26.947502752849744],[116.67487348772124,26.989386501685658]],[[116.51565840121418,26.41262584070995],[116.56702477437375,26.377511705300947]],[[115.88753136617959,24.916773992725552],[115.85445844899823,24.95951040318255],[115.88112348795858,24.975917670564],[115.8884615421664,24.999947211194808],[115.84283125186073,25.194741522902916],[115.9010189152907,25.230630805567216],[115.97455447800667,25.33204580317124],[116.00018598819281,25.497177843282827],[116.04452436730571,25.574589137778446],[116.02757449756496,25.63636831304717],[116.05775353399838,25.69269562450347],[116.09123986232976,25.714115505226346],[116.11511437422894,25.758195501920852],[116.15965945801747,25.77553294528917],[116.1343896830374,25.81656403250406],[116.13516483029264,25.866328437007724],[116.19412763917921,25.914749254374556],[116.26812828988864,25.926324775567934],[116.32321536699556,25.95510854712171],[116.39726769364904,26.061458645500068],[116.4192818535746,26.15287425394365],[116.40455407101354,26.1923550484467],[116.39897301599183,26.28754303588238],[116.51565840121418,26.41262584070995]],[[118.17473025869447,29.407869370774847],[118.18361860561413,29.369112047582917],[118.1725598492576,29.34203359657323],[118.12574100144604,29.294258735252413],[118.05199873315496,29.27531932232887],[118.04998335244966,29.216434027808134],[117.99923709511575,29.13442353022174],[118.0639359877556,29.050552679762347],[118.12884158686973,29.024481920004575],[118.22713016242699,28.95807770412273],[118.22454634004146,28.932239488361688],[118.27188195179065,28.908804226034192],[118.30288781142326,28.835785427255644],[118.37166914321631,28.798604234297954],[118.39368330314187,28.72605052351281],[118.42768639541077,28.688533433770942],[118.415852491799,28.60404246748584],[118.43140709755949,28.55492401812893],[118.45729699106323,28.522703762568597],[118.43900353418576,28.49694306117334],[118.46463504437179,28.471414902875438],[118.47626224240855,28.332250271532814],[118.44644494028171,28.288687038775777]],[[113.90238122041694,29.066339830418826],[113.90517174657884,28.9559848090517],[114.00340864529267,28.917925116051265],[114.03865197101163,28.872346503488302],[114.13048099240382,28.82612193487938],[114.14272830626624,28.78850149234995],[114.11280765225126,28.615514634992394],[114.05694542878848,28.564277452142676],[114.12195437979074,28.515830797253443],[114.17704145689765,28.507304185539738],[114.17161543240627,28.43971141215195],[114.22158654158557,28.415268460371124],[114.23383385634736,28.376175239495694],[114.18448286299372,28.293079535392224],[114.0918786970442,28.25770701846409],[114.07213830024227,28.20897614183548],[114.02387251160712,28.17913300218629],[114.01064334491434,28.09446116784858],[113.9891459489263,28.071852728720444],[113.91648888625309,28.021183987550955],[113.74264936727445,27.984312852056462],[113.7188265322186,27.963719794532892],[113.70595909983251,27.937726549140905],[113.70812951106802,27.83455455235071],[113.61097781797184,27.69947235836264],[113.55852623919452,27.575448919831786],[113.60012576719032,27.368226427107913],[113.67552168188001,27.328771471026528]],[[113.78275027940185,27.370784410172348],[113.8509631686153,27.345902207920517],[113.85256513906984,27.292727158731395],[113.82357466014241,27.228674221238293],[113.75577518117962,27.14725800195521],[113.75308800690595,27.089923001045634],[113.76802249594141,27.07638377509113]],[[113.67552168188001,27.328771471026528],[113.78275027940185,27.370784410172348]],[[113.79029503828531,27.08754588513449],[113.86315880743302,26.97773346612655],[113.8946297550591,26.955099189476016],[113.86605268818096,26.867714342442923],[113.83163618386277,26.827484239106354],[113.86470910014486,26.65586680820661],[113.8966451357644,26.631113796264685],[113.96785525941266,26.61907318797722],[114.01643110641044,26.585225125339264],[114.08505740767316,26.577499498403085],[114.08784793473433,26.568481961173575],[114.07632409128371,26.47068431203138],[114.01751631112882,26.39296295827387],[113.99860273572767,26.283098863321868],[113.93049319930162,26.19452545788357],[113.92537723227338,26.17036672604354],[113.95328250468378,26.161478380023198]],[[113.76802249594141,27.07638377509113],[113.79029503828531,27.08754588513449]],[[114.15595747295902,26.222146511252447],[114.2048433783192,26.203284614493327],[114.21352501786521,26.16977244684091],[114.1751811058233,26.139360867310188],[114.11730350075595,26.121765042422737],[114.02635298120504,26.049624741888294],[114.01503584243017,26.021667791735183],[114.0145707544367,25.916842149445642],[113.90284630661176,25.740186265883437],[113.91793582617743,25.660191148102967],[113.96180911729687,25.624689439066344],[113.98242801324216,25.581668810467193],[113.94196536680818,25.511001288278806],[113.92754764171025,25.44811106986998]],[[114.04092573503465,26.17101268208961],[114.10536624615531,26.20852977093216],[114.15595747295902,26.222146511252447]],[[114.00103152938152,26.18847931576778],[114.04092573503465,26.17101268208961]],[[113.95328250468378,26.161478380023198],[114.00103152938152,26.18847931576778]],[[113.86729292163102,36.36529999449914],[113.90713545133997,36.34413849529528]],[[113.808278435901,36.339384264372256],[113.86729292163102,36.36529999449914]],[[113.98113610204939,36.35995148437348],[114.01705122313535,36.34473277449791],[114.06314659963584,36.27706248584502],[114.20856408136717,36.24016551372745]],[[113.95410932788309,36.34661896399399],[113.98113610204939,36.35995148437348]],[[113.72104861939818,36.35586904611955],[113.808278435901,36.339384264372256]],[[113.93395551993126,36.34850515438933],[113.95410932788309,36.34661896399399]],[[113.90713545133997,36.34413849529528],[113.93395551993126,36.34850515438933]],[[114.24561608311569,36.25280040121754],[114.31408735564685,36.24068227856429]],[[114.20856408136717,36.24016551372745],[114.24561608311569,36.25280040121754]],[[114.34307783367501,36.24471303997478],[114.36586714085581,36.22207876242493],[114.4181636900023,36.2118726667901],[114.54838830027984,36.13903473606422],[114.62347415570764,36.13061147713796]],[[114.31408735564685,36.24068227856429],[114.34307783367501,36.24471303997478]],[[115.119257846972,36.186008613506715],[115.15031538344817,36.17779206015541]],[[114.97771609881886,36.06092580777977],[115.0338367047001,36.10094920554138],[115.06060509644794,36.15161794671087],[115.119257846972,36.186008613506715]],[[115.17992597910063,36.18311473185935],[115.24152428631669,36.165312201396944],[115.29599124579931,36.08684153880597],[115.3220878439788,36.07787567841979]],[[115.15031538344817,36.17779206015541],[115.17992597910063,36.18311473185935]],[[115.3220878439788,36.07787567841979],[115.34968305892596,36.08219065977113],[115.39805219944935,36.1251854517472],[115.46032230023388,36.15787079530094]],[[114.71437300021375,36.15352997552793],[114.79788211456787,36.14006826393921]],[[114.62347415570764,36.13061147713796],[114.71437300021375,36.15352997552793]],[[114.83064497338671,36.15076528598911],[114.91549767487777,36.09919220635521],[114.91890831866397,36.0612358670416],[114.93069054633156,36.05655915048436]],[[114.79788211456787,36.14006826393921],[114.83064497338671,36.15076528598911]],[[114.9530664405637,36.06108083831003],[114.97771609881886,36.06092580777977]],[[114.93069054633156,36.05655915048436],[114.9530664405637,36.06108083831003]],[[115.46032230023388,36.15787079530094],[115.45877200662278,36.069995021852776],[115.4239937679979,35.994599107163026],[115.33387006984776,35.93114044887261],[115.3176436714183,35.79151072773789],[115.3310795427866,35.773734035697146]],[[116.07728722522518,36.103119614978255],[116.0917049503231,36.068238023565925],[116.06441979373847,36.04090119103711],[116.03367231742345,35.96581533470993]],[[115.92690880699581,36.02198761743455],[116.07728722522518,36.103119614978255]],[[115.85771406495212,36.03356313682929],[115.92690880699581,36.02198761743455]],[[115.51339399573624,35.911193346495736],[115.66919844025574,35.94377533636265],[115.76815880668357,35.98467723236837],[115.82872358602458,36.031030992186516],[115.85771406495212,36.03356313682929]],[[116.03367231742345,35.96581533470993],[115.96571780793045,35.985917466717694]],[[115.96571780793045,35.985917466717694],[115.95450402194297,35.97666738549145]],[[115.95450402194297,35.97666738549145],[115.94396203042334,35.97976797091508]],[[115.94396203042334,35.97976797091508],[115.8634501487054,35.925042629913435],[115.85828250483371,35.904372057124704],[115.88629113183026,35.87765534132092],[115.87378543465002,35.865511380246005],[115.7613375182118,35.84918162723028],[115.73002160021667,35.830578111090915],[115.65498742073282,35.746345527224264],[115.53680341964207,35.719396267423804]],[[115.49117313023578,35.91545665100364],[115.51339399573624,35.911193346495736]],[[115.3310795427866,35.773734035697146],[115.40399498877764,35.8125688750535],[115.42848961830123,35.84049998588563],[115.44931521982153,35.902098294001064],[115.49117313023578,35.91545665100364]],[[115.53680341964207,35.719396267423804],[115.50424726819688,35.72283275053098]],[[115.50424726819688,35.72283275053098],[115.49205163027852,35.67818431215625],[115.40321984332104,35.630538642044655],[115.38347944472059,35.55751984326611],[115.3416215352056,35.55545278571748],[115.33076948532346,35.53442047772285],[115.34038130085628,35.48517283805603],[115.30710167899929,35.47576772719884],[115.2488106627818,35.424556382770845],[115.20581587080574,35.41471202234192]],[[115.20581587080574,35.41471202234192],[115.16282107972904,35.41773509429913]],[[115.16282107972904,35.41773509429913],[115.06835656090652,35.38011465087044],[114.94174930178883,35.21883250591537],[114.85157392769452,35.17816315390638],[114.86500979996231,35.120595608100814],[114.83421064680385,35.01618337696124],[114.90505903524627,34.99597789216597]],[[114.97694095336226,35.01013723394618],[115.18163130144342,34.9399864774939],[115.22230065255303,34.896474921580364],[115.21604780486223,34.83572927508595],[115.2306722346359,34.826711737856385]],[[114.90505903524627,34.99597789216597],[114.97694095336226,35.01013723394618]],[[115.28033328725132,34.84996613213127],[115.3176436714183,34.84283478439778],[115.42926476375783,34.779712021992225],[115.43753299395246,34.67085561829214],[115.50114668187382,34.59633820184649],[115.53075727662701,34.580060126573585],[115.61643680221664,34.56739939976245]],[[115.2306722346359,34.826711737856385],[115.28033328725132,34.84996613213127]],[[115.99367475808356,34.621607977725944],[116.04374922094973,34.60021393542473]],[[115.80774295487345,34.57091339813479],[115.96664798391726,34.59403860120045],[115.99367475808356,34.621607977725944]],[[116.0847286322205,34.61615611391352],[116.13051395125785,34.57158519080389],[116.15128787593471,34.566727607093355]],[[116.04374922094973,34.60021393542473],[116.0847286322205,34.61615611391352]],[[115.69307295125566,34.60075653688466],[115.80774295487345,34.57091339813479]],[[115.61643680221664,34.56739939976245],[115.66284223797891,34.57339386683344],[115.69307295125566,34.60075653688466]],[[110.33603559786451,34.61584605645032],[110.34228844555525,34.51810008415157],[110.32766401578164,34.479807848053724],[110.33717247942633,34.442859199092766],[110.37406945244322,34.403688462952175],[110.47261640772098,34.36560293242934],[110.47866255073609,34.32638052034474],[110.43349734932315,34.28643463784823],[110.44620975117903,34.24439586028069],[110.55762413884287,34.18140228908436],[110.6182922709715,34.16246287706008],[110.59302249599136,34.05879995385476],[110.59441775907226,34.040248115458155],[110.60666507383405,34.03593313230817]],[[110.61116092323795,34.036372381879914],[110.64423384041936,33.96960643169143],[110.59565799432096,33.89638092733793],[110.59829349175118,33.87348826826894],[110.74924034986219,33.802794908558155],[110.79058149633892,33.7503950057249],[110.80050337113363,33.696031399029835],[110.87791466742789,33.64311473225905],[110.94276858879931,33.61841339805983],[110.97708174033,33.583867703431736],[111.01103315575551,33.49893748577631],[110.9901042014477,33.438114324916114],[111.01558068200285,33.37444896105069],[110.97460127163134,33.26647105649403]],[[110.60666507383405,34.03593313230817],[110.61116092323795,34.036372381879914]],[[113.72104861939818,36.35586904611955],[113.67288618355053,36.22145864480058],[113.69448693232607,36.193708401121796],[113.67133589083869,36.16141063119568],[113.69459028511358,36.13019806598794],[113.67846723767286,36.09107900579147],[113.6852885270439,36.04397593803907],[113.6626542503933,35.98100820616378],[113.62570560143229,35.94607493700869],[113.62089969276656,35.85548615176447],[113.63252688990406,35.81817576849687],[113.59438968343704,35.807840480753555],[113.59030724518323,35.786653144027355],[113.59733524012915,35.75885122350513],[113.58534630688655,35.68092316327335],[113.60958255399157,35.63410431636112],[113.51599653521191,35.563126735810215],[113.47537886004636,35.51023590836047],[113.32841108560308,35.46300364849958]],[[113.32841108560308,35.46300364849958],[113.30484663296568,35.46584585240413]],[[113.30484663296568,35.46584585240413],[113.29394290624009,35.43292796485366],[113.26030154827777,35.41758006376892]],[[113.26030154827777,35.41758006376892],[113.24417850083705,35.419905503736004]],[[113.24417850083705,35.419905503736004],[113.15953250492112,35.38414541318025],[113.12087853361743,35.34797191057521],[113.01979943189826,35.328593248079926],[112.95458377532088,35.265315456942744],[112.88306359331011,35.23839203556395]],[[112.88306359331011,35.23839203556395],[112.80761600087772,35.24198354830207],[112.72379682816108,35.27453969974732],[112.67460086533765,35.312185980698416]],[[112.67460086533765,35.312185980698416],[112.61010867737355,35.287743028018326],[112.58514895985661,35.243792223432365],[112.56447838796714,35.23185496703309],[112.48954756127091,35.21950429948379]],[[112.12414350811639,35.22844432234757],[112.07877160022917,35.23707428594952]],[[112.07877160022917,35.23707428594952],[112.05846276264629,35.23449046536268],[112.06109826097588,35.108477485447565],[112.03815392506351,35.04576813419203]],[[112.334983352,35.2186774771838],[112.15669965956158,35.23660919885543]],[[112.15669965956158,35.23660919885543],[112.12414350811639,35.22844432234757]],[[112.48954756127091,35.21950429948379],[112.4015425957142,35.23578237655539]],[[112.4015425957142,35.23578237655539],[112.334983352,35.2186774771838]],[[111.91557742735637,35.089977322095706],[111.8976973816288,35.09620433226411]],[[111.8976973816288,35.09620433226411],[111.8294328146726,35.08256175442142],[111.74080773329024,35.019025579966524],[111.6829301291221,35.00794098608759],[111.67052778472942,34.99745067051202],[111.67858930934909,34.97889883121604],[111.63084028465136,34.95843496400238],[111.56934533112207,34.86903473626404],[111.38377526221853,34.821879990768934]],[[112.03815392506351,35.04576813419203],[111.95769372018901,35.09416311313714]],[[111.95769372018901,35.09416311313714],[111.91557742735637,35.089977322095706]],[[111.38377526221853,34.821879990768934],[111.34279585184703,34.84236969730364]],[[111.34279585184703,34.84236969730364],[111.28502159956713,34.81642812785577]],[[111.28502159956713,34.81642812785577],[111.25685794473833,34.828081163414936]],[[111.25685794473833,34.828081163414936],[111.2228548515701,34.79859975807233]],[[111.2228548515701,34.79859975807233],[111.15784590056779,34.822267564396554]],[[111.15784590056779,34.822267564396554],[111.13867394364752,34.819218654916995],[111.12456627781143,34.77875600848296],[111.10942508320096,34.76867910405741],[111.02570926327184,34.747491767331155],[110.9734127141254,34.71689931884845]],[[110.9734127141254,34.71689931884845],[110.933311801998,34.7352961294128]],[[110.933311801998,34.7352961294128],[110.91083255407904,34.73250560235164],[110.92318322072902,34.685841783271655],[110.88380577991279,34.66610138646979],[110.76582848529631,34.661347153748125],[110.70862267469664,34.62096202257925],[110.5305456887325,34.583677476834055]],[[110.41117313013581,34.589103502224816],[110.36797163258473,34.61757721631545]],[[110.36797163258473,34.61757721631545],[110.33603559786451,34.61584605645032]],[[110.5305456887325,34.583677476834055],[110.4831584010393,34.61582021712928]],[[110.4831584010393,34.61582021712928],[110.43783816909621,34.60897309023591],[110.41117313013581,34.589103502224816]],[[109.59396202962392,31.737597968171656],[109.65876427595055,31.718115952888922],[109.70325768379502,31.6737000603095],[109.72449669826398,31.636079616880806],[109.7326098979284,31.561122951762798],[109.96815107601128,31.503426214748004],[109.96598066567515,31.478233954133657],[110.10824588424015,31.398032130778176],[110.14674482591295,31.331111151858124],[110.14080203658466,31.25031505019939],[110.1754769233213,31.198406073781257],[110.10483523955463,31.110892035538996],[110.1377531271051,31.00898611151979],[110.1276762226795,30.906408393032905],[110.07863528858763,30.83460399018196],[110.02230797713139,30.822770087469564]],[[110.02230797713139,30.822770087469564],[109.96737592965536,30.840030016472042],[109.9373002460095,30.883128160336298],[109.90221194902216,30.894031887061942]],[[109.90221194902216,30.894031887061942],[109.74857791483885,30.835353298116218],[109.66496544769723,30.767993068725104],[109.63979902640392,30.717944444280647],[109.54590294836231,30.65061005331131]],[[109.54590294836231,30.65061005331131],[109.5133467960178,30.660221868844133]],[[109.5133467960178,30.660221868844133],[109.41573001492822,30.5925774204116],[109.3576973820285,30.578418076832747]],[[109.1524385931665,30.562010810350614],[109.07342532821627,30.600303046448403],[108.96464643798271,30.607486070126015]],[[108.96464643798271,30.607486070126015],[108.92630252504148,30.596453152191202],[108.86842492087334,30.5513654651441],[108.73251590368596,30.51971365036468]],[[109.3576973820285,30.578418076832747],[109.27098432766456,30.6025768095721]],[[109.27098432766456,30.6025768095721],[109.1524385931665,30.562010810350614]],[[108.73251590368596,30.51971365036468],[108.6974276057993,30.52880870196003],[108.66130578003765,30.57542084419657]],[[108.66130578003765,30.57542084419657],[108.58978559802688,30.5035389269799],[108.43320600805077,30.48728668922928],[108.40741946823385,30.460569973425493],[108.38059939964256,30.399695135721913],[108.38602542503327,30.378507798995713],[108.41052005365748,30.36279816270502],[108.5228646182075,30.323963324247984],[108.5434835141528,30.280994370693634],[108.52782555470554,30.162836208923864],[108.55035648036721,30.00925385248331],[108.52891076122262,29.942436225451445],[108.53655887289364,29.874352524749213],[108.51371788886945,29.854457099215722],[108.44080244287841,29.84887604419407],[108.40044315013125,29.831073512832347],[108.44684858589346,29.735782171709843],[108.49681969597214,29.719271552440148]],[[108.61303999230176,29.858022773532127],[108.64079023598055,29.84655060512631],[108.6583602233456,29.817017523839638],[108.69603234271841,29.698161729180413],[108.74848392059641,29.671858425425967],[108.87204227113386,29.63896637629722],[108.88940555202458,29.6223524033407],[108.89653689975808,29.58581716642908],[108.87090538867272,29.48670176947104],[108.92382205634277,29.402417506962365],[108.9135901231856,29.370042223569726],[108.9205664412882,29.348984076254112],[109.01415246006792,29.30748790104576],[109.07730105999588,29.214134426262717],[109.2065954942866,29.104244492888995]],[[108.49681969597214,29.719271552440148],[108.52100426623383,29.727152208107896],[108.54400027898964,29.792342027162817],[108.61303999230176,29.858022773532127]],[[110.76479495742132,30.0983956978032],[110.94354373605455,30.06351410639087],[111.24616092268838,30.03173310040222],[111.36387983578572,29.959592799867778],[111.39622928255528,29.924685370033785]],[[110.69870079990193,30.024730942978636],[110.72598595558736,30.039923814432484],[110.73394412562084,30.08818960216837],[110.76479495742132,30.0983956978032]],[[110.5433614442752,30.055013333098827],[110.636172316699,30.04617666302255],[110.69870079990193,30.024730942978636]],[[110.4820731954216,29.712295234337603],[110.52553307539108,29.725240180190156],[110.59116214401769,29.77136139601157],[110.58046512286711,29.804796047499565],[110.50057335787415,29.862570298880144],[110.4695158222973,29.920447903048284],[110.47695722929268,29.957990831211873],[110.50656782404582,29.984604194228154],[110.46315962091973,30.013982244984618],[110.49819624196294,30.044936427773905],[110.5433614442752,30.055013333098827]],[[111.47503584193049,29.939697374334344],[111.58489993688255,29.90435069402929],[111.68313683469711,29.899028022325354]],[[111.39622928255528,29.924685370033785],[111.47503584193049,29.939697374334344]],[[111.7476290217619,29.92476288529889],[111.85661461757047,29.871251939325532],[111.92363895107667,29.856394965555182],[112.12631391755326,29.707153428887636],[112.1779903499746,29.645400092040575]],[[111.68313683469711,29.899028022325354],[111.7476290217619,29.92476288529889]],[[113.59030724518323,29.879959418192584],[113.59113406838253,29.86001231491639],[113.54235151580974,29.759889228505074],[113.53325646421445,29.693304145469938],[113.547674188413,29.68175446179896]],[[113.12790652856336,29.46285309509426],[113.41584761037882,29.764565945062316],[113.59030724518323,29.879959418192584]],[[112.8861641787338,29.791773587281227],[112.91251915933174,29.764488429797154],[112.93629031844341,29.693304145469938]],[[112.64814253105294,29.626899928688715],[112.67790815633634,29.64051666900906],[112.6958915548513,29.675708320582487],[112.75190880704577,29.690565294352837],[112.78622195767718,29.73668651017431],[112.8861641787338,29.791773587281227]],[[110.10390506356777,29.78541738500428],[110.20818810439744,29.749915675967657],[110.28503095901152,29.67999746351211],[110.36166710805054,29.650102647019537]],[[109.65576704331437,29.594860541180992],[109.69085534120097,29.60491160718493],[109.70000206874045,29.65573537888463],[109.7832011247321,29.734929510988138],[110.10390506356777,29.78541738500428]],[[113.01292646658317,29.772989203089253],[113.02176313665939,29.747435208168326],[113.00626020684308,29.70619741537837],[112.91370771683762,29.634548041259052],[112.90848839702187,29.6008033314086],[112.92781538267377,29.495228380285482],[112.95334354097156,29.476624864146117]],[[112.93629031844341,29.693304145469938],[113.01292646658317,29.772989203089253]],[[110.43721805237118,29.72710053216383],[110.4820731954216,29.712295234337603]],[[110.36166710805054,29.650102647019537],[110.41241336538445,29.674493922856243],[110.43721805237118,29.72710053216383]],[[113.62167483912253,29.687697252026567],[113.64942508280126,29.676276760464077],[113.67428144663143,29.62744253194728],[113.67412641789986,29.531350206047136],[113.71774132660084,29.477425848923758],[113.72936852373834,29.437092393699004],[113.69634728429969,29.397585760774234],[113.65335249232362,29.382547918951275],[113.60942752526,29.328778591458786],[113.58090213432604,29.253046779984913],[113.64136355998028,29.22175670041139],[113.65490278503546,29.12403656743362],[113.7019283393214,29.07238597343388]],[[113.547674188413,29.68175446179896],[113.62167483912253,29.687697252026567]],[[112.2094612976008,29.673176174141076],[112.23369754380656,29.625427151242036],[112.2772607765636,29.594576321240197],[112.28744103377664,29.536750393016177]],[[112.1779903499746,29.645400092040575],[112.2094612976008,29.673176174141076]],[[112.4603503758691,29.6455292832498],[112.64814253105294,29.626899928688715]],[[112.28744103377664,29.536750393016177],[112.36309533088479,29.572174587687073],[112.4603503758691,29.6455292832498]],[[109.6104984882146,29.61891592113284],[109.65576704331437,29.594860541180992]],[[109.50228803876195,29.56667104703115],[109.53365563360057,29.596901760307958],[109.6104984882146,29.61891592113284]],[[109.4941231631534,29.569125678207456],[109.50228803876195,29.56667104703115]],[[109.48430464114625,29.567420355864726],[109.4941231631534,29.569125678207456]],[[109.47221235601535,29.568169663798926],[109.48430464114625,29.567420355864726]],[[109.45500410385625,29.531350206047136],[109.47221235601535,29.568169663798926]],[[109.44151655474514,29.54238312398195],[109.45500410385625,29.531350206047136]],[[109.2065954942866,29.104244492888995],[109.2453528183778,29.132201443042163],[109.25775516187116,29.22868134256987],[109.33816368990233,29.289685370583356],[109.32834516789512,29.353712470554058],[109.38095177630339,29.395337836072258],[109.37847130670542,29.438203436839103],[109.40069217310526,29.452982896243668],[109.41076907843018,29.49982758247694],[109.42627200734722,29.50463349114267],[109.44151655474514,29.54238312398195]],[[113.03287356985936,29.51905121534128],[113.04491417904603,29.508431708556486],[113.05003014517501,29.446988430071997],[113.06646325097825,29.44236339035814]],[[112.95334354097156,29.476624864146117],[113.0081205588167,29.51809520093275],[113.03287356985936,29.51905121534128]],[[113.09028608603398,29.49613271695131],[113.12790652856336,29.46285309509426]],[[113.06646325097825,29.44236339035814],[113.09028608603398,29.49613271695131]],[[113.77282840370776,29.125302639305346],[113.90238122041694,29.066339830418826]],[[113.7019283393214,29.07238597343388],[113.77282840370776,29.125302639305346]],[[110.97460127163134,33.26647105649403],[110.94044314973155,33.24990875948163],[110.90013553292846,33.20520864516283]],[[109.75198856042368,33.24086538293108],[109.65969445193736,33.26409394058288]],[[109.65969445193736,33.26409394058288],[109.59385867683642,33.23531016723041]],[[110.62314985558135,33.14423045557106],[110.60092899008077,33.159707546965706],[110.56821780810532,33.234431668086984],[110.53933068196534,33.24611054116849]],[[110.53933068196534,33.24611054116849],[110.5097200872122,33.236162827952114],[110.43861331635145,33.17446116794849],[110.23443973220782,33.15632273980259]],[[109.59385867683642,33.23531016723041],[109.53691124865514,33.24502533645011]],[[109.53691124865514,33.24502533645011],[109.46229048122069,33.18903392177805],[109.44647749214249,33.1623430452953],[109.45314375188258,33.14815786419405],[109.51179650330596,33.140277208526356],[109.58502200676014,33.10973643598771]],[[110.23443973220782,33.15632273980259],[110.18224653494957,33.16614126180974],[110.11713423115981,33.21001455292924],[109.95993452355935,33.21412283050421],[109.87534020358748,33.24342336689483]],[[109.87534020358748,33.24342336689483],[109.75198856042368,33.24086538293108]],[[110.90013553292846,33.20520864516283],[110.84969933485638,33.20541535073784]],[[110.84969933485638,33.20541535073784],[110.823447707046,33.19892995905036],[110.79864302005927,33.16378998521964],[110.74123050298527,33.13301666958364],[110.74774173399379,33.095887153469334]],[[110.74774173399379,33.095887153469334],[110.65121015762264,33.14862295218745]],[[110.65121015762264,33.14862295218745],[110.62314985558135,33.14423045557106]],[[109.65189131063545,33.11330211030412],[109.74904300283225,33.08705048339306],[109.77710330577293,33.05516612371764],[109.7662512549914,32.96858226236151],[109.739586216031,32.93000580542355],[109.80971113496088,32.89321218519416]],[[109.58502200676014,33.10973643598771],[109.65189131063545,33.11330211030412]],[[109.88355675693873,32.91636322758086],[109.99280073426644,32.88905223257444],[110.10369835799276,32.83422353788592],[110.1549613792642,32.72957876185035],[110.14643476844975,32.66676605870663],[110.17129113227986,32.63304718727784],[110.15217085220303,32.60728648498326],[110.13542768803734,32.60509023712473]],[[109.80971113496088,32.89321218519416],[109.88355675693873,32.91636322758086]],[[110.13542768803734,32.60509023712473],[110.08499148996526,32.61726003752068]],[[110.08499148996526,32.61726003752068],[110.06173709479106,32.60651133952666],[110.06189212442195,32.57640981745908],[110.01331627832354,32.549150499296104]],[[109.82278527202266,32.570518704074914],[109.76862837090255,32.600051785361586]],[[109.76862837090255,32.600051785361586],[109.70821862209169,32.58514313384853]],[[109.70821862209169,32.58514313384853],[109.65814415922551,32.59912160937478]],[[109.65814415922551,32.59912160937478],[109.63483808810724,32.5906466745044],[109.61592451360536,32.55132090873292],[109.57944095263781,32.54121816678497],[109.56130252539117,32.40502492875743],[109.49970421817511,32.36890310299577],[109.48606163943305,32.34665639907354],[109.53825483579197,32.24051300716951],[109.61359907363828,32.20294424148352],[109.62956709234737,32.12336253485307],[109.67380211777345,32.06936066336391],[109.61091190026394,31.936681422809386],[109.61576948397447,31.821184596891612],[109.58006107026216,31.762273463949157],[109.59396202962392,31.737597968171656]],[[110.01331627832354,32.549150499296104],[109.86882897257897,32.59240367279125]],[[109.86882897257897,32.59240367279125],[109.82278527202266,32.570518704074914]],[[115.48621219283837,29.86427562122293],[115.53520145098616,29.854663804790732]],[[115.2720650570567,29.614652614826298],[115.3427067399241,29.64028412501233],[115.39278120279027,29.68157359554499],[115.42941979428804,29.736247259703248],[115.44512942878009,29.80546784106798],[115.48621219283837,29.86427562122293]],[[115.62129438682643,29.862441108570295],[115.7051652363865,29.86081329969403],[115.74376753084687,29.808852647331776],[115.85590538892257,29.73859853809205],[115.88887495331642,29.731828925564457]],[[115.53520145098616,29.854663804790732],[115.62129438682643,29.862441108570295]],[[115.88887495331642,29.731828925564457],[115.99899742978755,29.744127916270315],[116.11046349519415,29.786502589722716],[116.14725711542349,29.788776352846412]],[[115.08633996032086,29.657001450756354],[115.22648644359447,29.63950897955573],[115.2720650570567,29.614652614826298]],[[115.11393517526813,29.506907254266366],[115.14018680217919,29.58752248787249],[115.1122815288694,29.632480983710423],[115.0788985542249,29.652841498136638],[115.08633996032086,29.657001450756354]],[[114.97275516232082,29.559953111347],[115.02288130113106,29.553390204394418]],[[114.92562625524738,29.499310818539414],[114.95012088387159,29.545251166308276],[114.97275516232082,29.559953111347]],[[115.06308556514671,29.556568305083204],[115.11393517526813,29.506907254266366]],[[115.02288130113106,29.553390204394418],[115.06308556514671,29.556568305083204]],[[114.88604210795688,29.52452891757548],[114.92562625524738,29.499310818539414]],[[114.74465538943468,29.360559597447434],[114.81824262899408,29.393865057726202],[114.837776320221,29.450812485907477],[114.87560346922464,29.488329576548722],[114.88604210795688,29.52452891757548]],[[114.71488976415128,29.38998932504728],[114.74465538943468,29.360559597447434]],[[114.46322553862763,29.317228908687184],[114.64021731987339,29.376966864828944],[114.71488976415128,29.38998932504728]],[[114.28938602144774,29.358440863954684],[114.35625532442361,29.325367946773326]],[[113.90238122041694,29.066339830418826],[113.99674238465332,29.16429250739327],[114.06345665889762,29.203153185171345],[114.1494462419505,29.212790839125887],[114.24375573114207,29.24211721393823],[114.24608117110915,29.317771511046374],[114.28938602144774,29.358440863954684]],[[114.42002404197592,29.334411323323877],[114.46322553862763,29.317228908687184]],[[114.35625532442361,29.325367946773326],[114.42002404197592,29.334411323323877]],[[110.97460127163134,33.26647105649403],[111.00266157367264,33.20753408512991],[111.10880496557667,33.14802867298482],[111.1607914572599,33.043487249736756],[111.21169274332539,32.992017523789684],[111.21448327038655,32.92473480876441],[111.34496626218322,32.84393870710562],[111.40625451103682,32.76203156230673],[111.50371626159614,32.68689402913611],[111.53162153490587,32.6110847032964],[111.55740807472284,32.59204193848467]],[[111.62908328726382,32.62645844190354],[111.7270101258166,32.59080170323597],[111.77925499901892,32.52036672594363],[111.96208621590608,32.474323025387264],[112.00539106714393,32.43396373084147]],[[111.55740807472284,32.59204193848467],[111.62908328726382,32.62645844190354]],[[112.05334679561804,32.45484101010453],[112.16057539313988,32.391718247698975]],[[112.00539106714393,32.43396373084147],[112.05334679561804,32.45484101010453]],[[113.03716271368819,32.42551463529219],[113.11937991684965,32.38120209370163]],[[112.75087527917071,32.34978282291894],[112.85014570486032,32.38117625617923],[112.9915324242819,32.40440481203245],[113.03716271368819,32.42551463529219]],[[113.72921349500677,32.419261785802746],[113.7843005721137,32.35228913003931],[113.76735070237294,32.28500641501404],[113.78104495705907,32.18565847405932],[113.75236453739342,32.13759939189839],[113.7860058935571,32.04724314975152],[113.79112186058535,31.979236965213772],[113.84496870334294,31.922702949081838],[113.8663627456441,31.85299144130198],[113.88579308498288,31.84482656479412]],[[113.70316857277135,32.40719533909362],[113.72921349500677,32.419261785802746]],[[113.19105512939063,32.414404202092214],[113.22769371998913,32.40662689921203],[113.26014651864682,32.36936819098918],[113.30432986902815,32.355673936303106],[113.33631757969249,32.31435862914742],[113.4359497423867,32.28875295738305]],[[113.11937991684965,32.38120209370163],[113.19105512939063,32.414404202092214]],[[113.66885542213993,32.41107107177254],[113.70316857277135,32.40719533909362]],[[113.59547488815554,32.352935086085324],[113.6164038433626,32.38567210558318],[113.66885542213993,32.41107107177254]],[[112.19860924681927,32.395335597959445],[112.30428755072978,32.344666855890694]],[[112.16057539313988,32.391718247698975],[112.19860924681927,32.395335597959445]],[[112.53393761632788,32.37675792114112],[112.75087527917071,32.34978282291894]],[[112.43430545543242,32.359911404187926],[112.53393761632788,32.37675792114112]],[[112.3689864442689,32.36370962250106],[112.43430545543242,32.359911404187926]],[[112.30428755072978,32.344666855890694],[112.3689864442689,32.36370962250106]],[[113.58224572056349,32.353710232441244],[113.59547488815554,32.352935086085324]],[[113.4359497423867,32.28875295738305],[113.5351168152888,32.299010728062626],[113.58224572056349,32.353710232441244]],[[113.9267208194102,31.85658295314073],[113.95715823826208,31.8382894962632],[113.954832798295,31.757079983454446],[113.97198937361065,31.74656382945716]],[[113.88579308498288,31.84482656479412],[113.9267208194102,31.85658295314073]],[[114.149549594738,31.849554959094064],[114.26179080560121,31.812528794867944],[114.2915564308845,31.779998480945096],[114.36896772717887,31.733722236392055]],[[113.97198937361065,31.74656382945716],[114.05787560387603,31.765709947056394],[114.149549594738,31.849554959094064]],[[114.49531660387811,31.759198716947196],[114.5476131530246,31.742868963931528],[114.56327111157248,31.723748683854637],[114.5631160828409,31.694809881770595],[114.53221357599568,31.62799225473873],[114.54787153544294,31.572879340109466],[114.56776696187569,31.56613556600354]],[[114.44906619684741,31.739484158567052],[114.49531660387811,31.759198716947196]],[[114.40731163922078,31.740155951236147],[114.44906619684741,31.739484158567052]],[[114.36896772717887,31.733722236392055],[114.40731163922078,31.740155951236147]],[[115.15134891222249,31.603911038163858],[115.17015913303749,31.598019923880372],[115.21346398337607,31.545594184424033],[115.21139692582744,31.455134589489717],[115.28622439973617,31.395138250929506]],[[114.99885175960094,31.477613837408626],[115.06184533079738,31.499757188543413],[115.12855960504169,31.59453176482907],[115.15134891222249,31.603911038163858]],[[114.61649783670578,31.570553901041706],[114.64316287566612,31.56520539001673],[114.71034223790389,31.51469167757881]],[[114.56776696187569,31.56613556600354],[114.61649783670578,31.570553901041706]],[[114.738299188057,31.517327175009086],[114.76656619657263,31.49048126889545],[114.82196333204206,31.481515408509267]],[[114.71034223790389,31.51469167757881],[114.738299188057,31.517327175009086]],[[114.87550011643714,31.48980947532698],[114.99885175960094,31.477613837408626]],[[114.82196333204206,31.481515408509267],[114.87550011643714,31.48980947532698]],[[115.28622439973617,31.395138250929506],[115.37402265791923,31.417539985382007]],[[119.62978356256133,31.132880357042836],[119.57826215977082,30.855197047705587],[119.53743777903026,30.790420640700006],[119.49759525022057,30.76719208394752],[119.48813846162068,30.718538723483277],[119.45144819507811,30.648129583713285],[119.43088097507689,30.637044989834408]],[[119.43088097507689,30.637044989834408],[119.4123808126244,30.642781074487004],[119.39749800043228,30.676241563497342],[119.37718916195024,30.68559499841041]],[[119.37718916195024,30.68559499841041],[119.34189415938795,30.668929347711185],[119.31621097235848,30.62353160230157],[119.27228600529486,30.608261217381255],[119.265309686293,30.5725269643479],[119.24293379116148,30.556584784060533],[119.24866987491475,30.52935130521854],[119.28158776336454,30.51335744898705]],[[119.31109500533023,30.519300239214658],[119.330008579832,30.509378364419945],[119.35874067634109,30.412123318536317],[119.39718794206988,30.378972886989118],[119.39238203340403,30.36843089457011]],[[119.28158776336454,30.51335744898705],[119.31109500533023,30.519300239214658]],[[119.39238203340403,30.36843089457011],[119.34282433537476,30.372539171245762]],[[119.34282433537476,30.372539171245762],[119.28003746975332,30.346313380957724],[119.23781782413323,30.29864187332379]],[[119.05751875188889,30.311871039117136],[118.95432091667692,30.354788315828102]],[[118.95432091667692,30.354788315828102],[118.89907881083843,30.336469021428172],[118.8756693869326,30.311483466388836],[118.9094657736265,30.222212428960404],[118.85272505102023,30.159270535506778],[118.88016523633655,30.147462470316725],[118.86900312719251,30.108524278172865],[118.89055219912461,29.975069892161798],[118.84631717279922,29.936751816742913],[118.82755862792828,29.886729030720176],[118.73614302038402,29.82265025480541],[118.7237406759914,29.730201116688193],[118.64808637888325,29.658293361949063],[118.60519493969468,29.652453925408338],[118.55692915285806,29.625220444767706],[118.46959598176909,29.52393463837285],[118.37321943592815,29.452827867512042]],[[119.16552249576648,30.310320746405296],[119.11834191274897,30.315410875011878]],[[119.11834191274897,30.315410875011878],[119.05751875188889,30.311871039117136]],[[119.23781782413323,30.29864187332379],[119.20433149580185,30.314429023080947]],[[119.20433149580185,30.314429023080947],[119.16552249576648,30.310320746405296]],[[118.37321943592815,29.452827867512042],[118.32712405762913,29.492050278697377]],[[118.32712405762913,29.492050278697377],[118.30681522004636,29.477968451283004],[118.31053592309433,29.446910915706155],[118.17473025869447,29.407869370774847]],[[116.37721723758546,34.63953970029689],[116.22797570181717,34.565435695900646]],[[116.22797570181717,34.565435695900646],[116.19397261044753,34.58434927040247]],[[116.19397261044753,34.58434927040247],[116.15128787593471,34.566727607093355]],[[116.8389978365808,34.38921906191018],[116.80706180186064,34.39562693923182],[116.76954471211877,34.45182506037821],[116.59803063400648,34.49476817551084],[116.48429080637561,34.59881867144452],[116.41277062436473,34.642846992194904]],[[116.41277062436473,34.642846992194904],[116.37721723758546,34.63953970029689]],[[117.24481286022524,34.07370860446849],[117.1594433938975,34.09117523904604],[117.02570478704627,34.16272125947853],[117.01407758990877,34.18644074174682],[117.01950361529953,34.237574570909715],[116.96612186143466,34.28581452112326],[116.97774905767278,34.356094468784704],[116.94250573105455,34.39412832336342],[116.90617719881857,34.40089793589101]],[[116.90617719881857,34.40089793589101],[116.8389978365808,34.38921906191018]],[[117.4234066101269,34.023504950393146],[117.39172895692582,34.03125641485167],[117.37033491372529,34.05567353000936],[117.32129397963342,34.07885040901914]],[[117.32129397963342,34.07885040901914],[117.24481286022524,34.07370860446849]],[[117.59424889467073,33.98614289028217],[117.57238976437611,33.99045787253277],[117.5328056170855,34.039834703408815],[117.5034534038515,34.04975657820353]],[[117.5034534038515,34.04975657820353],[117.4234066101269,34.023504950393146]],[[117.7031828154345,33.87803579451628],[117.6850443872886,33.89214346035237],[117.64825076705915,33.98712474221304],[117.62385949122245,34.00826040299518]],[[117.62385949122245,34.00826040299518],[117.59424889467073,33.98614289028217]],[[117.7522237486271,33.724350084388846],[117.72566206335352,33.73251495999739],[117.74679772323634,33.76362417241762],[117.74054487464616,33.884495347782035]],[[117.74054487464616,33.884495347782035],[117.7031828154345,33.87803579451628]],[[118.10398522303956,33.47560557713564],[118.11545739144537,33.484442247211916],[118.12150353356117,33.61125621190462],[118.1769006690306,33.698899441356104],[118.14418948795446,33.75561432554065],[118.1047603702948,33.76762909630571]],[[118.1047603702948,33.76762909630571],[117.96554406120936,33.75158356413016],[117.92554650276884,33.733961899921724]],[[117.86487837064021,33.72636546509409],[117.83134036726415,33.73463369438946]],[[117.83134036726415,33.73463369438946],[117.7522237486271,33.724350084388846]],[[117.92554650276884,33.733961899921724],[117.89919152217101,33.73427195918356]],[[117.89919152217101,33.73427195918356],[117.86487837064021,33.72636546509409]],[[118.06331587103057,33.48901561098165],[118.10398522303956,33.47560557713564]],[[118.08073082876467,33.14955312817432],[117.99644656805458,33.16782074573081],[117.97892825663371,33.20443349880691],[117.93143761615306,33.240632838934346],[117.98311404767514,33.2995181343544],[117.9925191594316,33.34894664207383],[118.06331587103057,33.48901561098165]],[[118.38143598838008,32.7298371442688],[118.29575646368983,32.781177679905966],[118.28769493996947,32.838047593721456],[118.24252973765726,32.8840396183337],[118.24149620978221,32.92884308544001],[118.29906375468852,32.96796214383784],[118.24842085194075,33.013411566990214],[118.21725996267708,33.105137233796256],[118.21477949397843,33.18668264428857],[118.16976932219643,33.2131926545174]],[[118.16976932219643,33.2131926545174],[118.15488650910504,33.179112046983334],[118.08073082876467,33.14955312817432]],[[118.90646854099032,32.95700674116813],[118.85737593005513,32.97230296540948]],[[118.85737593005513,32.97230296540948],[118.80973025904416,32.920704047353865],[118.79774132670082,32.86507436788776],[118.74978559822671,32.84370616310895],[118.73738325383408,32.781177679905966],[118.74544477755444,32.75719981521928],[118.70854780543687,32.73208506897072]],[[119.06620039323354,32.44535838488156],[119.13622195757728,32.49641470057793],[119.15653079605931,32.56000255007763],[119.19937055930382,32.59372142240568],[119.18820844926051,32.7229641789537],[119.15436038572318,32.77130748105537],[119.1533785337923,32.82453420708799],[119.09508751757483,32.84101898883523],[119.00894290579038,32.909541938209884],[118.99979617735164,32.956386624443155],[118.96506961467094,32.96734202711286]],[[118.96506961467094,32.96734202711286],[118.90646854099032,32.95700674116813]],[[118.70854780543687,32.73208506897072],[118.61077599471639,32.74559845650356]],[[118.61077599471639,32.74559845650356],[118.57635949129747,32.72673655884512]],[[118.57635949129747,32.72673655884512],[118.43078698083445,32.740327459844366]],[[118.43078698083445,32.740327459844366],[118.38143598838008,32.7298371442688]],[[118.7586739442471,32.61266083442996],[118.78296186729631,32.59739044950959]],[[118.71629926989533,32.599457506158956],[118.7586739442471,32.61266083442996]],[[118.81407107971654,32.60516775238983],[118.84724734878603,32.5876236034465]],[[118.78296186729631,32.59739044950959],[118.81407107971654,32.60516775238983]],[[118.70978803888681,32.60082693081819],[118.71629926989533,32.599457506158956]],[[118.66617313018571,32.58739105944983],[118.70978803888681,32.60082693081819]],[[118.89132734637985,32.59568512626754],[118.90279951388641,32.593643907140574],[118.90310957224892,32.568038235376264],[118.91628706299753,32.560157578809196]],[[118.84724734878603,32.5876236034465],[118.89132734637985,32.59568512626754]],[[118.64974002528186,32.594212347921484],[118.66617313018571,32.58739105944983]],[[118.61449669776437,32.58087982844131],[118.64974002528186,32.594212347921484]],[[118.58018354713295,32.593488878409005],[118.61449669776437,32.58087982844131]],[[118.4315621280897,31.89306651500766],[118.35022342317234,31.95239105910008],[118.40283003068134,32.00324066832218],[118.38066084202421,32.037088730960136],[118.3978690941833,32.078145657496066],[118.4990515477906,32.137676907163495],[118.50788821786693,32.19751821519344],[118.60953576126633,32.215604967395336],[118.66849857015279,32.26105438874902],[118.65005008274511,32.28446381355411],[118.68405317591328,32.33924083139925],[118.66679324781012,32.45887177241434],[118.59734012334798,32.48685456008985],[118.58922692278418,32.531218776725154],[118.55243330255485,32.56163035715525],[118.55889285671992,32.58746857381561],[118.58018354713295,32.593488878409005]],[[118.92905114079747,32.56116526916185],[118.98987430165766,32.51165924707658]],[[118.91628706299753,32.560157578809196],[118.92905114079747,32.56116526916185]],[[119.00398196839308,32.51336457031863],[119.05622684069613,32.47620921488334],[119.06620039323354,32.44535838488156]],[[118.98987430165766,32.51165924707658],[119.00398196839308,32.51336457031863]],[[118.72281050000447,31.638120836007772],[118.66167728078187,31.661995347906952],[118.68436323517517,31.700856024785708],[118.67526818178112,31.71261241313232],[118.55599897687125,31.739768378507847],[118.47688235913347,31.790230414102325],[118.4810681501749,31.858701687532857],[118.44861534971858,31.89707143799643]],[[118.44861534971858,31.89707143799643],[118.4315621280897,31.89306651500766]],[[118.81035037576919,31.623470566913113],[118.77727746038647,31.674165147403585]],[[118.77727746038647,31.674165147403585],[118.72281050000447,31.638120836007772]],[[118.81608646042173,31.226337185512705],[118.755728387555,31.280804144995273],[118.73660810837748,31.326925360816745],[118.74606489517873,31.35475311886131],[118.80301232336001,31.37519114855263],[118.82724856956577,31.39754120526237],[118.88094038269242,31.522443142037332],[118.86574751213789,31.620680039851948],[118.84414676336235,31.63290151619202]],[[118.84414676336235,31.63290151619202],[118.81035037576919,31.623470566913113]],[[119.25445763641073,31.262148952911843],[119.17590945765528,31.288555610353114]],[[119.17590945765528,31.288555610353114],[119.07472700404799,31.238842881793516],[118.81608646042173,31.226337185512705]],[[119.49309939991736,31.15104462271114],[119.36277143775158,31.192359930766145],[119.35874067634109,31.26419017203881],[119.34458133276223,31.2875220815788]],[[119.34458133276223,31.2875220815788],[119.30468712800848,31.26493947997301]],[[119.30468712800848,31.26493947997301],[119.2834481144389,31.267109890309143]],[[119.2834481144389,31.267109890309143],[119.25445763641073,31.262148952911843]],[[119.59242150334967,31.13078746197175],[119.52689578661125,31.15530792901768]],[[119.52689578661125,31.15530792901768],[119.49309939991736,31.15104462271114]],[[119.62978356256133,31.132880357042836],[119.59242150334967,31.13078746197175]],[[116.78546105398436,29.746608384968965],[116.8636991716794,29.850710557746027],[116.88540327414171,29.9284319124028],[116.79140384331265,30.022017931182575],[116.7016935572118,30.056460273023163]],[[116.7016935572118,30.056460273023163],[116.63683963404185,30.043411974383105],[116.57539635555736,29.990857041918957],[116.52728559835168,29.906805325205596],[116.46692752458557,29.880372830241924]],[[117.27426842714613,29.829471544176386],[117.22853478405295,29.84727407553811],[117.22946496003988,29.901198431762168],[117.18130252509138,29.92708832436665]],[[117.18130252509138,29.92708832436665],[117.12518191921015,29.91055186577597],[117.0636869647816,29.836861274328328],[117.10668175675767,29.78637339941281],[117.08575280155048,29.715499172548732],[116.96720706615315,29.664727077692476],[116.88075239510692,29.552873440456892],[116.83300337130845,29.54380422638394]],[[116.46692752458557,29.880372830241924],[116.41463097543908,29.88065705018272]],[[116.41463097543908,29.88065705018272],[116.3568567240585,29.858384507838764],[116.2979455911161,29.80877513296599],[116.23619225516836,29.78133494675035]],[[117.35059451692337,29.82394216599812],[117.31974368692158,29.84440603321184]],[[117.31974368692158,29.84440603321184],[117.27426842714613,29.829471544176386]],[[117.56226118400639,29.61067353025919],[117.52737959169474,29.6223524033407],[117.4356539248887,29.72007253721779],[117.39979048064617,29.78076650596944],[117.40630171075532,29.831176866519172],[117.38935184101456,29.838359890196728]],[[117.38935184101456,29.838359890196728],[117.35059451692337,29.82394216599812]],[[116.23619225516836,29.78133494675035],[116.14725711542349,29.788776352846412]],[[116.7618966004477,29.757822170956388],[116.78546105398436,29.746608384968965]],[[116.71735151575979,29.714491482196138],[116.74561852427541,29.753171291921547],[116.7618966004477,29.757822170956388]],[[116.6892395368751,29.72431000420329],[116.71735151575979,29.714491482196138]],[[116.74236290922079,29.543649196752995],[116.64846683207861,29.62741669442488],[116.6892395368751,29.72431000420329]],[[117.72705732643442,29.555250556368037],[117.69093549977345,29.562201036048975],[117.64918094304608,29.60586762069414],[117.62530643114678,29.614575100460513]],[[117.62530643114678,29.614575100460513],[117.56226118400639,29.61067353025919]],[[118.17473025869447,29.407869370774847],[118.11964318158755,29.446781725396306],[118.11731774341911,29.5067522237361],[118.10460534066385,29.530032457332027],[117.98590457563557,29.572019558056127]],[[117.98590457563557,29.572019558056127],[117.89857140544598,29.54897186935625]],[[116.83300337130845,29.54380422638394],[116.77553917918976,29.571192734856822]],[[116.77553917918976,29.571192734856822],[116.74236290922079,29.543649196752995]],[[117.89857140544598,29.54897186935625],[117.80715579610307,29.57015920698177]],[[117.80715579610307,29.57015920698177],[117.72705732643442,29.555250556368037]],[[116.40098839669713,34.2750141462858],[116.20327436671857,34.40221568550544],[116.15671390222474,34.4473033725526],[116.16338016196482,34.53473989552975],[116.15128787593471,34.566727607093355]],[[116.6205098819255,33.901626085575344],[116.63606448768587,33.9096100940306],[116.64118045471412,33.95322500273164],[116.54294355689956,34.1209150250084],[116.54774946466603,34.14967295993915],[116.57524132682568,34.18876618081458],[116.56609459838694,34.234861559113654],[116.57462121010076,34.27447154392661],[116.5520902853383,34.28684804899825]],[[116.5520902853383,34.28684804899825],[116.46134646956386,34.27757213024961]],[[116.46134646956386,34.27757213024961],[116.43333784436595,34.28064687815089]],[[116.43333784436595,34.28064687815089],[116.40098839669713,34.2750141462858]],[[115.74211388624678,34.066267198372486],[115.84112593041732,34.00691681585835]],[[115.70330488531215,34.05691376435874],[115.74211388624678,34.066267198372486]],[[115.67508955274059,34.05704295556791],[115.70330488531215,34.05691376435874]],[[115.58398400265958,33.85628001610985],[115.56258996035831,33.8722221954979],[115.57313195187805,33.95198476838232],[115.59716149340818,33.99420441310315],[115.67508955274059,34.05704295556791]],[[115.87161502521315,34.01838898426416],[115.9315596860306,34.003247788754436]],[[115.84112593041732,34.00691681585835],[115.87161502521315,34.01838898426416]],[[115.94540897034767,34.005728258352406],[115.9764148299804,33.977202867418384],[115.96773318863575,33.908421536524656],[116.04049360589511,33.84904531468948],[116.06736535043058,33.79535350246215],[116.12105716355723,33.73644236951969],[116.16617068902599,33.71670197181851]],[[115.9315596860306,34.003247788754436],[115.94540897034767,34.005728258352406]],[[116.59115766779212,33.91268484103256],[116.6205098819255,33.901626085575344]],[[116.16617068902599,33.71670197181851],[116.42067711755487,33.79083181373721],[116.456230503435,33.85586660406051],[116.55271040206333,33.88418528941958],[116.59115766779212,33.91268484103256]],[[115.6149898622923,33.75840485350119],[115.62930423370335,33.844601142128965],[115.6041378106114,33.857752794455905]],[[115.6041378106114,33.857752794455905],[115.58398400265958,33.85628001610985]],[[115.5887899113253,33.76923106496167],[115.6149898622923,33.75840485350119]],[[115.39500328996985,33.498911648253966],[115.44259728413726,33.548081773555],[115.5922005551115,33.56849396392528],[115.63457523036254,33.58477204009756],[115.59406090708512,33.71615936945932],[115.57390709823392,33.74558909795849],[115.5887899113253,33.76923106496167]],[[115.35557417231018,33.520098984980166],[115.39500328996985,33.498911648253966]],[[115.10556359318525,33.08332978034508],[115.1428222996094,33.08425995543257],[115.2738220562428,33.13280996400863],[115.30064212393484,33.20983368577595],[115.34534223825369,33.25060639147176],[115.34084638884974,33.33416718177],[115.31505984903276,33.36775686288888],[115.3268420758011,33.42757233339643],[115.34642744387145,33.45304881395157],[115.34208662319907,33.5007461609066],[115.35557417231018,33.520098984980166]],[[114.96918948800442,33.12374074993562],[115.01885053882131,33.093949286230554],[115.10556359318525,33.08332978034508]],[[115.56476036979518,32.40244110817059],[115.50672773599615,32.43905386034737],[115.46094241695891,32.50429535624568],[115.37996544814689,32.55403392232762],[115.1993046406966,32.59147349680444],[115.21015669237738,32.656921699177076],[115.1801843606197,32.714489244083325],[115.18209638943677,32.774072171493515],[115.19635908400448,32.79750743292169],[115.18938276590188,32.854015611531224],[115.1304199570153,32.892385361994855],[114.91937340665731,32.96057241548459],[114.87653364521157,32.99847707795476],[114.88655887279367,33.08340729381155],[114.96918948800442,33.12374074993562]],[[115.86551720625403,31.78508860955168],[115.89667809461832,31.791315618820704],[115.90411950071439,31.804234727150913],[115.90086388565976,31.886141872849123],[115.92814904224451,32.02458303557859],[115.91481652186496,32.250021470814204],[115.89373253792621,32.30890676533494],[115.8884615421664,32.39386282051271],[115.86065962074485,32.432000026979665],[115.87569746256781,32.499437770736506],[115.86174482636261,32.515018214918655],[115.92039757688667,32.574368598332114]],[[115.92039757688667,32.574368598332114],[115.88453413264403,32.571681423159134],[115.84350304632846,32.5425617539218],[115.79006961472089,32.470705675126794]],[[115.79006961472089,32.470705675126794],[115.75477461125922,32.498275050752966]],[[115.75477461125922,32.498275050752966],[115.74190717977251,32.47923228594124]],[[115.74190717977251,32.47923228594124],[115.69384809761152,32.49181549748721]],[[115.69384809761152,32.49181549748721],[115.64661583864995,32.40244110817059]],[[115.64661583864995,32.40244110817059],[115.60935713132653,32.416367905954075]],[[115.60935713132653,32.416367905954075],[115.56476036979518,32.40244110817059]],[[115.76040734312437,31.796793321054906],[115.86551720625403,31.78508860955168]],[[115.72490563408769,31.78780162224706],[115.76040734312437,31.796793321054906]],[[115.70206465096282,31.789661974220735],[115.72490563408769,31.78780162224706]],[[115.55452843573869,31.734497381848655],[115.6629455907663,31.78395172798986],[115.70206465096282,31.789661974220735]],[[115.53757856689731,31.73845062889336],[115.55452843573869,31.734497381848655]],[[115.37402265791923,31.417539985382007],[115.39422814271461,31.52414846438012],[115.46915897031022,31.626571153236114],[115.48745242718769,31.682924303114078],[115.53757856689731,31.73845062889336]],[[115.37402265791923,31.417539985382007],[115.38037886019617,31.35051565187581],[115.43660281796565,31.32622772882661],[115.4606323585964,31.275791530754532],[115.51137861503105,31.246387641576405],[115.54998091039067,31.182696438389883],[115.58274376831025,31.160423896045927]],[[115.63938113812901,31.22445099511731],[115.68888716021422,31.20755280222005],[115.76836551315785,31.14355154157039],[115.81435753777009,31.124353746228394]],[[115.58274376831025,31.160423896045927],[115.60010705010029,31.164764715818933],[115.61752200693502,31.20832794947529],[115.63938113812901,31.22445099511731]],[[115.85828250483371,31.13435313628821],[115.88205366394538,31.125516466211934],[115.94644249912199,31.034049180924967]],[[115.81435753777009,31.124353746228394],[115.85828250483371,31.13435313628821]],[[115.98928226056785,31.043195909363703],[116.03537763886686,31.030948595501286],[116.03336225816167,30.983845526849564],[115.94292850074964,30.90702850975788],[115.86453535432315,30.86793528888245],[115.85430342026655,30.84310476347406],[115.86220991435607,30.78483958657762],[115.8352348170331,30.7702409943264]],[[115.94644249912199,31.034049180924967],[115.98928226056785,31.043195909363703]],[[115.8352348170331,30.7702409943264],[115.80557254363794,30.77548615256387]],[[115.80557254363794,30.77548615256387],[115.77673709524072,30.758329576348842],[115.76784874922032,30.6881529814749],[115.82903364528647,30.597150784181338],[115.88050337123354,30.578418076832747],[115.94013797368848,30.50563182205093],[115.9460290870727,30.44586802838677],[115.8893917181532,30.409461981785],[115.87662763855462,30.375691433512827],[115.90628991105052,30.319984238781558],[115.95936160655287,30.297737534859323],[115.98013553302837,30.261719061885174],[116.04049360589511,30.221437283503803],[116.08085289864232,30.04679677974758],[116.07217125909631,29.978764756788053],[116.12322757389336,29.913549099311467],[116.12400272024934,29.84037527090203],[116.14725711542349,29.788776352846412]],[[117.22543419773001,39.8651122099605],[117.16750491671849,39.89131216092744],[117.14750613839749,39.94800120669032],[117.2390767755727,40.09261770274475]],[[117.13789432196529,39.61693614438752],[117.16941694463628,39.62724559191054],[117.18321455300918,39.65509918927614],[117.20336836096101,39.76876150254128],[117.18429975772756,39.80878489850426],[117.25845543806793,39.84123769806132],[117.25964399557392,39.857670802965174],[117.24109215717726,39.86552562111052]],[[117.24109215717726,39.86552562111052],[117.22543419773001,39.8651122099605]],[[116.89005415227723,39.68757782635561],[117.13789432196529,39.61693614438752]],[[116.87563642807868,39.68646678321545],[116.89005415227723,39.68757782635561]],[[116.98767093336687,40.03435252494904],[117.06430708240589,40.064841619744925],[117.2390767755727,40.09261770274475]],[[116.82938602104798,40.03667796491612],[116.98767093336687,40.03435252494904]],[[116.88431806942333,39.83072154406398],[116.78442752521005,39.885627753118285],[116.74499840665112,39.95306549687518],[116.76499718587138,40.0189529488195],[116.82938602104798,40.03667796491612]],[[116.87563642807868,39.68646678321545],[116.87656660406549,39.71434621810346],[116.92963829956784,39.79444468777211],[116.90607384693044,39.84371816675997]],[[116.90607384693044,39.84371816675997],[116.88431806942333,39.83072154406398]],[[80.36504246980434,35.474872203016346],[80.36546353644422,35.47455632406681]],[[80.36546353644422,35.47455632406681],[80.51196455282184,35.3963410510986],[80.67055952260387,35.38143240048487],[80.75820275295467,35.344380397837085],[80.87581831326452,35.343424384327875],[80.97886111794622,35.29340159830508],[81.03518843030179,35.30420197224322],[81.03720381100703,35.36350067791392],[81.05069135921883,35.383266913137504],[81.0735323423437,35.389468084884186],[81.21021650588699,35.31691437409904],[81.3776481457453,35.331848863134496],[81.46177737772376,35.310248115258275],[81.57660241097244,35.23898631386726],[81.71142622344144,35.245652574506664],[81.92433312397446,35.29221303989988],[82.01228641088909,35.325260117760195],[82.03698774598763,35.3519768344633],[82.06613325364668,35.43365143526552],[82.28916873634807,35.544962470141854],[82.30978763229336,35.571575833158136],[82.3189343607321,35.63374258115516],[82.41453576021712,35.68572907193908],[82.71043501206611,35.650175686059015],[82.82541507404642,35.69177521405487],[82.91259321460512,35.682938543978594],[82.95682824093052,35.65720368100506],[82.97842898970606,35.60077301676131],[82.97176272996597,35.490443833815846],[83.1217794129895,35.40442841234136],[83.22621748165142,35.42347117805241],[83.32864017140673,35.39706452151046],[83.45261193219488,35.39355052313812],[83.56480146711397,35.36071015085275],[83.61508263465583,35.359004828510024],[83.87067426970174,35.37453359584873],[84.0090637546885,35.41851023975573],[84.13319054600686,35.37753082938423],[84.17432498600925,35.37680735897243],[84.56344852143206,35.55948354802729],[84.77764733315786,35.600488796820514],[84.8474621928259,35.63353587558015],[84.92363325387151,35.689320583777885],[85.14976932199659,35.7498078478539],[85.27079552609263,35.73024831820533],[85.36743045435196,35.75492381398283],[85.44256798662326,35.75205577255582],[85.52385501469712,35.7162698435784],[85.5487113794266,35.66898590777339],[85.57134565607714,35.65604096102152],[85.61976647344397,35.67539378509508],[85.72885542204006,35.76608592402613],[85.95121911027366,35.764070543320884],[85.99323205031885,35.78484446889712],[86.0874381858236,35.87558828377223],[86.128572625826,35.98043976538287],[86.1867602883566,36.03433828408453],[86.21234012169924,36.1159353705209],[86.27238813710278,36.145649318960864],[86.41129438692639,36.1745106057798],[86.47475304611612,36.223939114398604],[86.66130496605132,36.22006338082036],[86.78698205008152,36.26026764573527],[87.00081912570204,36.27409109073125],[87.06345096169247,36.292152005410685],[87.17987796359711,36.30101451300936],[87.34560428291127,36.374059150209575],[87.50058190333215,36.33654206046771],[87.57091352693766,36.333803209350606],[87.88758670436289,36.369098211912956],[87.992954949911,36.427234199398754],[88.1487593926318,36.428422756005375],[88.27676191572976,36.44857656485658],[88.45923139831035,36.44888662411836],[88.52237999913763,36.41431509016928],[88.71172244703325,36.36840057992282],[88.83863976361414,36.37165619587671],[88.97491051600747,36.27871613224369],[89.11050947483238,36.26225718801879],[89.22362918483896,36.2635749367339],[89.67781334810746,36.0819581157744]],[[78.96176196440715,34.34167945032786],[79.03768761609058,34.384671536562166],[79.20449913922386,34.43944855440725],[79.33839277480666,34.43081858990598],[79.48112308136507,34.47117788355246],[79.60251102066701,34.45867218727159],[79.72787804633475,34.41118154589162],[79.76963260306212,34.41423045537118],[79.79397220205544,34.43102529638031],[79.86270185700505,34.521226507996914],[79.9600085788328,34.697391466043314],[79.95845828612096,34.748680324837096],[79.91112267437188,34.80774648741044],[79.88115034441284,34.89391693851587],[79.88383751778719,34.919600125545344],[79.92631554582573,34.95474009937607],[80.00997968891147,34.971069851492416],[80.03788496312052,34.989957587572576],[80.04517133958564,35.03018769000988],[80.01416547995291,35.085920722263495],[80.1761710962191,35.25324901023362],[80.2594735049982,35.41732168224979],[80.25792321228636,35.50170929574739],[80.27420128755932,35.527599189251134]]]}}